1.375,-0.0,1.25,1.0,0.625,1.25,-0.0,1.5,0.375,1.125,0.75,0.75,-0.0,0.25,0.5,1.0,0.375,-0.0,-0.0,0.25,0.875,-0.0,-0.0,3.125,0.5,-0.0,0.125,0.25,0.875,0.375,1.25,0.875,-0.0,3.75,-0.0,0.75,-0.0,0.625,0.125,0.875,0.375,0.25,0.5,-0.0,0.125,-0.0,1.625,1.125,0.625,0.375,2.375,-0.0,-0.0,0.0,1.5,0.5,0.5,0.125,-0.0,0.5,0.875,0.5,0.375,1.0
1.5,0.375,0.75,1.0,0.125,1.125,-0.0,1.125,-0.0,0.125,0.625,0.375,-0.0,0.375,0.375,0.75,-0.0,0.25,0.375,0.25,-0.0,-0.0,-0.0,1.5,1.625,0.375,-0.0,-0.0,0.875,0.5,-0.0,0.625,1.0,3.0,0.375,0.625,0.125,0.75,0.125,0.625,0.125,-0.0,0.25,-0.0,0.875,-0.0,0.75,0.625,0.5,0.125,2.125,-0.0,-0.0,0.375,1.25,-0.0,0.875,0.25,-0.0,-0.0,0.875,0.375,0.25,0.5
2.0,0.5,0.0,0.375,-0.0,1.0,-0.0,1.25,-0.0,0.375,0.625,0.625,-0.0,0.75,0.625,0.0,0.375,0.625,1.125,-0.0,-0.0,-0.0,-0.0,1.125,1.75,1.875,0.375,-0.0,0.625,0.375,-0.0,0.75,2.125,2.875,0.5,1.125,0.75,0.375,-0.0,0.625,0.25,-0.0,0.25,0.125,1.0,-0.0,-0.0,-0.0,0.875,0.125,1.875,-0.0,-0.0,0.25,1.125,-0.0,1.125,-0.0,-0.0,0.75,0.625,0.375,0.5,0.5
2.125,-0.0,-0.0,0.25,-0.0,0.75,-0.0,1.0,-0.0,0.75,-0.0,-0.0,-0.0,-0.0,1.125,-0.0,1.125,0.5,1.25,-0.0,-0.0,0.5,-0.0,-0.0,1.125,1.375,1.0,1.25,0.5,0.25,0.25,1.75,1.75,2.75,0.375,0.375,1.0,0.5,-0.0,0.25,-0.0,-0.0,-0.0,0.5,1.25,0.25,-0.0,0.5,1.25,0.75,1.0,-0.0,-0.0,0.75,1.75,0.25,0.75,-0.0,-0.0,0.5,0.0,1.125,0.375,-0.0
1.875,0.125,-0.0,0.125,-0.0,-0.0,-0.0,1.0,-0.0,1.0,-0.0,-0.0,-0.0,-0.0,-0.0,-0.0,1.0,0.0,0.625,-0.0,-0.0,1.125,-0.0,-0.0,1.125,-0.0,1.0,1.25,0.25,0.125,0.25,2.125,0.375,3.0,-0.0,0.25,-0.0,0.375,0.25,0.25,0.5,0.25,-0.0,0.125,-0.0,0.5,-0.0,0.375,-0.0,0.875,1.625,-0.0,-0.0,0.5,1.5,0.125,0.125,0.25,-0.0,0.375,-0.0,0.375,0.5,-0.0
1.875,-0.0,0.25,0.625,-0.0,-0.0,-0.0,1.0,-0.0,0.625,0.125,-0.0,-0.0,-0.0,-0.0,0.625,1.0,-0.0,0.5,0.125,-0.0,1.375,-0.0,0.625,1.375,-0.0,0.75,1.0,0.75,0.25,0.0,2.375,0.0,3.125,-0.0,-0.0,-0.0,1.0,0.25,0.25,0.25,0.25,0.125,0.125,-0.0,0.5,0.25,0.75,-0.0,0.75,1.5,-0.0,-0.0,0.125,1.5,0.375,0.0,0.125,-0.0,0.625,-0.0,0.375,0.25,-0.0
2.0,-0.0,0.125,1.125,-0.0,-0.0,-0.0,0.875,-0.0,0.75,0.25,-0.0,-0.0,-0.0,0.5,0.875,1.0,-0.0,0.25,0.375,-0.0,1.375,-0.0,0.875,1.0,-0.0,0.375,0.625,1.0,0.125,0.125,2.625,0.0,3.25,-0.0,-0.0,0.125,1.125,-0.0,0.125,0.125,0.375,-0.0,0.375,-0.0,0.625,0.375,0.375,-0.0,0.5,1.5,-0.0,-0.0,0.125,1.625,0.125,0.25,0.25,-0.0,0.625,-0.0,0.375,0.375,0.125
1.875,-0.0,0.625,1.125,-0.0,-0.0,-0.0,0.625,-0.0,0.5,-0.0,-0.0,-0.0,-0.0,0.0,0.875,1.25,-0.0,0.375,0.25,0.125,1.125,-0.0,1.125,1.125,-0.0,0.25,1.125,1.125,0.75,0.25,2.625,-0.0,3.125,-0.0,0.0,0.125,1.25,0.5,0.25,0.625,1.0,0.25,0.625,-0.0,0.375,0.75,1.125,-0.0,1.0,1.25,-0.0,-0.0,0.125,1.625,0.75,0.0,0.25,-0.0,0.125,-0.0,0.375,0.25,0.125
2.125,0.25,1.0,2.0,-0.0,-0.0,-0.0,1.0,-0.0,0.25,0.5,0.125,-0.0,0.375,1.75,2.25,1.375,-0.0,0.25,0.375,1.25,1.125,-0.0,1.25,0.875,-0.0,-0.0,0.625,2.25,0.5,0.375,2.875,-0.0,3.375,0.25,-0.0,-0.0,2.0,1.125,0.875,0.625,1.25,0.25,0.625,-0.0,0.5,1.25,1.625,-0.0,0.75,1.125,-0.0,-0.0,-0.0,1.375,0.75,0.25,0.125,-0.0,1.375,0.375,0.25,0.125,1.0
2.125,-0.0,0.875,2.125,-0.0,-0.0,-0.0,1.375,0.125,-0.0,0.125,0.125,-0.0,0.125,1.75,2.25,1.125,-0.0,-0.0,0.5,0.75,0.375,0.25,0.875,1.125,-0.0,-0.0,-0.0,2.875,0.375,0.125,2.875,-0.0,3.375,0.125,-0.0,-0.0,1.5,0.625,0.875,0.125,0.75,0.125,0.875,0.125,-0.0,1.5,1.375,-0.0,0.5,1.125,-0.0,-0.0,0.75,1.5,-0.0,0.25,1.0,0.375,0.75,0.5,0.25,-0.0,0.875
1.875,-0.0,0.75,1.0,-0.0,-0.0,-0.0,1.125,-0.0,0.25,0.125,0.25,-0.0,-0.0,1.25,1.625,0.75,-0.0,-0.0,0.5,-0.0,-0.0,0.125,1.125,0.875,-0.0,-0.0,0.25,2.75,0.125,0.125,2.5,-0.0,3.375,0.125,0.125,-0.0,-0.0,-0.0,1.25,0.25,0.5,0.0,0.875,0.25,-0.0,1.375,1.25,-0.0,0.625,1.625,-0.0,-0.0,0.875,1.625,0.125,0.125,1.25,0.375,0.0,0.5,0.25,0.125,0.5
1.5,-0.0,0.75,-0.0,-0.0,-0.0,-0.0,0.375,-0.0,0.625,0.25,0.375,-0.0,-0.0,1.375,2.75,0.75,-0.0,-0.0,0.375,-0.0,-0.0,-0.0,1.375,0.125,-0.0,0.625,0.25,1.75,-0.0,0.125,1.875,-0.0,3.125,-0.0,0.0,-0.0,-0.0,-0.0,1.625,0.375,0.5,0.25,0.375,0.25,0.625,1.125,1.625,0.0,0.75,1.625,-0.0,-0.0,0.625,1.5,0.25,0.125,1.125,-0.0,0.625,0.75,0.125,0.25,0.125
1.25,-0.0,1.375,-0.0,-0.0,-0.0,-0.0,0.625,-0.0,0.625,0.375,0.375,-0.0,-0.0,1.625,2.625,0.625,-0.0,-0.0,0.375,-0.0,-0.0,-0.0,1.25,-0.0,-0.0,0.75,0.375,0.5,0.375,0.375,1.25,-0.0,3.0,-0.0,-0.0,-0.0,0.125,-0.0,1.625,0.5,0.5,0.375,0.25,-0.0,0.625,1.0,1.5,-0.0,0.625,2.0,-0.0,-0.0,0.875,1.375,0.375,0.25,0.875,-0.0,-0.0,0.75,0.125,0.375,0.625
1.125,0.125,1.25,0.5,-0.0,0.25,-0.0,1.0,-0.0,0.75,0.75,0.5,-0.0,0.25,0.875,1.5,0.25,-0.0,-0.0,0.25,-0.0,-0.0,-0.0,1.625,0.375,-0.0,0.5,-0.0,0.625,0.125,0.0,1.125,-0.0,3.0,-0.0,0.125,-0.0,0.25,0.125,1.625,0.625,0.375,0.375,-0.0,0.125,0.375,0.625,0.75,-0.0,0.625,2.375,-0.0,-0.0,0.875,1.125,0.125,0.25,1.0,-0.0,0.0,0.25,0.0,0.25,0.5
1.0,-0.0,0.625,1.0,0.125,0.375,-0.0,1.125,-0.0,1.0,0.625,1.0,-0.0,-0.0,0.75,0.625,0.125,-0.0,-0.0,0.125,-0.0,-0.0,-0.0,1.75,-0.0,-0.0,0.5,-0.0,0.625,0.625,0.125,1.5,-0.0,2.875,-0.0,0.25,-0.0,0.375,-0.0,1.375,0.25,0.25,0.375,-0.0,0.25,0.25,0.25,0.75,-0.0,0.375,2.875,-0.0,-0.0,0.5,1.375,0.125,0.375,0.625,-0.0,-0.0,0.5,0.25,0.125,-0.0
1.375,0.625,0.875,1.125,0.625,0.875,-0.0,2.25,-0.0,0.75,1.375,1.125,-0.0,0.875,1.0,0.5,0.5,-0.0,-0.0,0.125,0.5,-0.0,-0.0,2.0,0.625,1.875,0.5,-0.0,0.875,0.875,-0.0,1.625,1.375,3.0,0.875,0.625,0.625,0.5,0.375,1.25,0.75,-0.0,1.375,0.875,0.125,0.25,-0.0,0.625,0.625,0.375,2.5,-0.0,-0.0,0.25,1.25,0.375,0.5,0.75,0.125,0.75,0.5,0.0,0.875,0.125
1.0,0.25,0.375,0.375,0.75,1.25,-0.0,1.5,0.125,1.375,-0.0,0.625,-0.0,0.25,0.625,-0.0,0.625,0.5,0.75,0.125,0.25,-0.0,-0.0,2.0,0.125,-0.0,0.875,0.875,-0.0,0.75,0.375,1.0,0.125,3.25,-0.0,0.375,0.25,0.125,0.25,0.5,0.625,0.125,0.75,-0.0,-0.0,-0.0,0.25,0.625,1.25,1.0,0.75,-0.0,0.25,0.5,1.25,0.625,0.25,0.75,-0.0,0.625,-0.0,0.625,0.375,0.25
1.0,0.5,0.375,-0.0,-0.0,0.5,-0.0,1.125,-0.0,0.125,0.875,0.25,-0.0,0.75,0.125,0.0,0.375,0.5,0.375,0.25,-0.0,-0.0,-0.0,0.5,0.125,0.625,0.75,-0.0,0.25,-0.0,-0.0,1.125,1.25,2.125,0.625,0.375,0.375,0.125,0.25,0.375,0.75,0.125,0.375,0.375,0.75,0.125,-0.0,0.75,0.5,0.0,-0.0,0.5,0.0,-0.0,0.375,0.125,0.375,0.375,-0.0,0.75,-0.0,0.125,0.5,-0.0
1.25,0.5,-0.0,-0.0,0.25,0.375,-0.0,0.75,-0.0,0.375,0.0,0.375,-0.0,0.75,0.5,0.375,0.5,0.75,0.875,-0.0,-0.0,-0.0,-0.0,0.25,0.125,1.5,0.375,-0.0,0.25,0.25,-0.0,0.625,1.75,2.125,0.625,0.125,0.75,0.0,-0.0,0.375,0.125,-0.0,0.25,-0.0,1.0,0.125,-0.0,-0.0,0.375,0.0,-0.0,-0.0,-0.0,-0.0,0.25,0.0,0.125,0.125,-0.0,0.625,-0.0,0.625,0.25,-0.0
1.625,-0.0,-0.0,-0.0,0.125,-0.0,-0.0,0.625,-0.0,0.375,-0.0,-0.0,-0.0,0.25,0.125,0.375,0.75,0.375,0.75,-0.0,-0.0,-0.0,-0.0,-0.0,-0.0,1.375,0.375,0.75,0.375,0.125,0.625,0.25,1.375,1.875,0.625,-0.0,1.0,0.0,-0.0,0.25,-0.0,-0.0,-0.0,0.25,1.25,0.25,-0.0,0.125,-0.0,0.25,-0.0,-0.0,-0.0,0.25,1.125,-0.0,-0.0,-0.0,0.125,0.125,-0.0,1.125,0.125,-0.0
1.375,-0.0,-0.0,-0.0,-0.0,-0.0,-0.0,0.5,-0.0,0.25,-0.0,-0.0,-0.0,-0.0,0.25,0.125,0.625,-0.0,0.125,0.0,-0.0,0.25,-0.0,-0.0,0.375,-0.0,0.5,1.0,0.125,0.625,0.5,0.25,0.125,2.0,-0.0,-0.0,-0.0,-0.0,-0.0,-0.0,0.125,0.25,0.125,-0.0,-0.0,0.375,0.125,0.125,-0.0,0.5,-0.0,-0.0,-0.0,0.5,1.125,-0.0,-0.0,0.5,0.25,0.125,-0.0,0.5,0.5,-0.0
1.0,-0.0,-0.0,-0.0,0.0,-0.0,-0.0,0.375,-0.0,-0.0,-0.0,-0.0,-0.0,-0.0,0.25,0.25,0.5,-0.0,0.25,-0.0,-0.0,0.25,-0.0,-0.0,0.625,-0.0,0.625,1.0,-0.0,0.5,-0.0,0.75,-0.0,2.125,-0.0,0.0,-0.0,-0.0,-0.0,-0.0,0.25,0.375,0.125,0.125,-0.0,0.25,0.0,0.375,-0.0,0.5,0.125,-0.0,-0.0,0.25,0.5,0.125,-0.0,0.625,0.25,0.125,-0.0,0.25,0.375,-0.0
0.875,-0.0,-0.0,0.125,0.125,-0.0,-0.0,0.375,-0.0,0.25,0.0,-0.0,-0.0,-0.0,0.25,0.25,0.625,-0.0,0.25,0.125,-0.0,0.375,-0.0,0.125,0.5,-0.0,0.875,0.875,-0.0,0.375,0.125,1.0,-0.0,2.125,-0.0,-0.0,0.0,-0.0,-0.0,0.0,0.125,0.375,0.125,0.125,-0.0,0.375,-0.0,0.125,-0.0,0.25,0.0,-0.0,-0.0,0.25,0.75,0.375,-0.0,0.625,0.125,0.5,-0.0,0.375,0.5,-0.0
0.875,-0.0,-0.0,-0.0,0.125,-0.0,-0.0,0.25,-0.0,0.0,-0.0,-0.0,-0.0,-0.0,0.375,0.0,0.5,-0.0,-0.0,-0.0,-0.0,0.625,-0.0,-0.0,0.625,-0.0,1.0,0.875,-0.0,0.375,0.0,1.0,-0.0,2.0,-0.0,0.375,-0.0,-0.0,0.0,-0.0,0.25,0.75,0.25,0.125,-0.0,0.625,0.25,0.25,-0.0,0.375,0.375,-0.0,-0.0,0.25,0.75,0.0,-0.0,0.5,0.125,-0.0,-0.0,0.125,0.5,-0.0
0.875,-0.0,-0.0,0.125,0.25,0.125,-0.0,0.125,-0.0,0.375,0.0,0.125,-0.0,-0.0,0.875,-0.0,0.75,0.375,0.5,0.375,-0.0,0.625,-0.0,0.0,0.875,-0.0,1.5,1.125,-0.0,0.125,-0.0,1.625,-0.0,2.125,-0.0,0.5,-0.0,0.25,-0.0,-0.0,0.75,0.75,0.125,0.375,-0.0,0.875,0.375,-0.0,0.25,0.125,0.625,-0.0,0.25,0.75,0.75,1.375,-0.0,1.0,0.25,0.375,-0.0,-0.0,0.375,0.125
1.0,-0.0,-0.0,1.0,0.125,-0.0,-0.0,0.625,0.625,0.375,-0.0,0.25,-0.0,-0.0,0.75,-0.0,0.875,0.625,0.5,-0.0,-0.0,0.75,-0.0,0.125,0.875,-0.0,1.625,1.0,-0.0,-0.0,0.125,1.75,-0.0,1.875,-0.0,0.5,-0.0,2.125,0.5,0.125,0.5,0.375,0.0,-0.0,-0.0,1.125,0.5,-0.0,-0.0,0.0,0.75,-0.0,0.5,0.75,0.5,1.25,-0.0,1.125,-0.0,1.125,-0.0,0.125,0.25,0.125
0.75,-0.0,-0.0,2.125,0.25,-0.0,-0.0,1.375,2.125,0.625,-0.0,0.375,-0.0,-0.0,0.75,-0.0,0.625,0.625,0.375,0.25,1.25,0.5,-0.0,0.625,0.5,-0.0,1.875,1.0,0.375,0.25,0.25,2.625,-0.0,1.875,-0.0,-0.0,-0.0,3.375,1.125,0.125,0.5,0.5,0.125,-0.0,-0.0,1.375,0.625,-0.0,-0.0,0.125,0.5,-0.0,0.5,0.5,0.625,1.0,-0.0,1.5,-0.0,0.625,-0.0,0.375,0.25,0.75
0.5,-0.0,-0.0,3.25,0.125,-0.0,-0.0,1.875,2.375,0.25,-0.0,0.125,0.25,-0.0,0.25,-0.0,0.625,0.375,0.5,-0.0,1.625,0.25,0.375,0.25,0.375,-0.0,2.0,0.875,1.75,0.375,-0.0,3.25,-0.0,2.0,-0.0,0.375,-0.0,3.625,1.0,-0.0,0.5,0.625,0.125,-0.0,-0.0,1.375,-0.0,-0.0,0.25,0.0,0.25,-0.0,0.375,-0.0,0.5,1.25,-0.0,1.375,-0.0,1.25,-0.0,0.25,0.125,1.25
-0.0,-0.0,-0.0,3.125,-0.0,0.25,-0.0,2.125,2.5,0.75,-0.0,0.375,0.25,-0.0,-0.0,-0.0,0.375,0.375,0.125,-0.0,1.25,0.125,0.5,0.75,-0.0,-0.0,2.0,0.75,2.0,0.25,0.125,3.0,-0.0,2.0,0.25,-0.0,-0.0,2.875,1.125,-0.0,0.625,0.625,0.25,0.625,-0.0,0.875,-0.0,-0.0,0.25,-0.0,0.125,-0.0,0.625,-0.0,0.75,1.5,-0.0,1.375,0.125,0.625,0.375,0.25,-0.0,1.0
-0.0,0.0,-0.0,1.75,-0.0,0.5,-0.0,2.125,2.25,0.375,0.25,0.25,-0.0,-0.0,-0.0,0.25,-0.0,0.375,-0.0,-0.0,0.0,-0.0,0.375,0.875,-0.0,-0.0,1.625,0.125,1.75,0.25,-0.0,1.5,-0.0,1.75,0.375,-0.0,-0.0,1.625,0.75,-0.0,0.5,0.5,0.25,0.25,0.125,0.5,-0.0,-0.0,0.375,0.125,0.25,-0.0,0.5,-0.0,0.625,1.125,-0.0,0.5,0.125,-0.0,0.625,0.25,0.25,0.5
0.0,-0.0,0.25,1.5,-0.0,0.625,-0.0,1.625,1.625,0.125,0.375,0.25,-0.0,-0.0,-0.0,1.0,-0.0,0.625,-0.0,-0.0,0.375,-0.0,0.25,1.125,-0.0,-0.0,1.125,-0.0,1.375,0.375,-0.0,0.125,-0.0,1.5,0.5,0.375,-0.0,2.0,1.0,0.625,0.375,0.375,0.375,0.75,0.25,0.625,-0.0,0.375,-0.0,0.125,0.5,-0.0,0.5,-0.0,0.625,0.625,-0.0,-0.0,-0.0,0.0,0.75,0.25,0.25,0.625
0.875,0.75,-0.0,1.375,0.625,1.25,-0.0,2.625,1.875,0.125,1.75,0.75,0.75,1.125,1.75,1.0,-0.0,1.0,0.875,0.375,1.125,-0.0,0.875,1.625,0.5,1.5,1.0,-0.0,1.125,0.375,-0.0,-0.0,1.75,2.25,0.875,1.25,0.875,1.75,0.875,1.0,1.25,-0.0,1.25,1.375,0.75,0.25,-0.0,1.125,1.125,0.375,-0.0,0.125,1.125,0.375,0.5,0.25,0.375,0.125,-0.0,0.125,0.625,0.5,0.75,0.875
1.375,-0.0,0.875,1.25,1.0,1.125,0.0,1.75,1.625,1.0,0.25,0.375,-0.0,-0.0,1.0,1.375,0.75,0.125,0.125,0.375,1.375,-0.0,0.25,2.375,-0.0,-0.0,-0.0,0.125,0.875,0.5,0.625,0.625,-0.0,3.25,0.375,0.625,0.125,0.5,0.375,1.25,0.125,0.125,0.625,1.0,0.625,-0.0,0.5,2.0,0.875,0.75,0.625,-0.0,-0.0,0.75,1.25,0.25,0.375,0.875,-0.0,1.0,0.5,0.625,0.875,1.5
0.625,0.75,0.375,1.375,-0.0,1.0,-0.0,1.25,0.375,0.25,0.75,0.5,-0.0,0.75,-0.0,0.875,-0.0,0.75,0.5,0.75,-0.0,-0.0,-0.0,1.125,0.375,0.875,0.375,-0.0,0.625,-0.0,-0.0,0.5,1.0,2.25,0.5,0.5,0.375,0.5,-0.0,0.625,0.75,0.0,0.375,-0.0,0.625,0.125,0.0,0.625,1.125,-0.0,-0.0,0.0,-0.0,0.25,0.375,0.25,0.5,1.0,-0.0,-0.0,0.0,0.5,0.25,0.875
0.875,0.375,-0.0,0.625,0.125,0.25,-0.0,1.125,-0.0,0.5,-0.0,0.875,-0.0,0.5,-0.0,0.125,-0.0,0.875,0.75,-0.0,-0.0,-0.0,-0.0,1.125,0.375,1.25,0.5,-0.0,0.375,-0.0,-0.0,0.25,1.625,2.0,0.625,0.375,0.625,0.25,-0.0,0.25,-0.0,-0.0,0.375,0.0,1.125,-0.0,-0.0,0.0,0.125,-0.0,-0.0,-0.0,-0.0,-0.0,0.375,-0.0,0.25,0.125,-0.0,0.25,0.0,0.75,0.375,0.375
1.25,-0.0,-0.0,0.5,0.125,-0.0,-0.0,0.75,0.0,0.0,-0.0,-0.0,-0.0,0.125,-0.0,-0.0,0.625,0.625,1.0,-0.0,-0.0,-0.0,-0.0,-0.0,0.375,1.625,0.5,0.625,0.5,0.5,0.5,0.375,1.375,1.875,0.5,0.125,1.0,0.375,-0.0,-0.0,-0.0,-0.0,-0.0,-0.0,1.25,0.25,-0.0,-0.0,0.25,0.375,-0.0,-0.0,-0.0,-0.0,1.125,-0.0,-0.0,-0.0,-0.0,0.375,-0.0,1.25,0.125,0.125
1.0,-0.0,-0.0,0.25,-0.0,-0.0,0.0,0.875,0.0,0.25,-0.0,-0.0,-0.0,-0.0,0.125,0.125,0.5,-0.0,0.25,-0.0,-0.0,-0.0,-0.0,0.125,0.875,-0.0,0.5,0.75,0.25,0.25,0.375,0.25,0.25,2.0,-0.0,0.125,-0.0,0.25,-0.0,-0.0,-0.0,0.125,0.0,0.25,-0.0,0.5,-0.0,-0.0,-0.0,0.5,-0.0,-0.0,-0.0,0.0,1.125,-0.0,-0.0,0.125,0.125,0.0,-0.0,0.5,0.5,-0.0
0.75,-0.0,-0.0,0.125,-0.0,-0.0,-0.0,0.625,-0.0,0.125,-0.0,-0.0,-0.0,-0.0,-0.0,0.125,0.375,-0.0,0.125,0.125,-0.0,-0.0,-0.0,0.25,0.875,-0.0,0.5,0.75,0.25,0.125,-0.0,0.0,-0.0,2.0,-0.0,0.25,-0.0,0.25,-0.0,0.0,0.125,0.25,-0.0,0.125,-0.0,0.375,-0.0,0.125,-0.0,0.5,0.125,-0.0,-0.0,0.0,0.625,-0.0,-0.0,0.25,0.0,0.125,-0.0,0.25,0.375,0.0
0.75,-0.0,-0.0,0.375,-0.0,-0.0,-0.0,0.625,0.125,0.125,-0.0,-0.0,-0.0,-0.0,-0.0,0.5,0.375,-0.0,0.125,0.25,-0.0,0.25,-0.0,0.25,0.5,-0.0,0.5,0.75,0.125,0.25,0.125,0.125,-0.0,2.125,-0.0,0.25,0.0,0.625,0.125,0.125,0.125,0.375,0.125,0.125,-0.0,0.5,-0.0,0.375,-0.0,0.25,0.25,-0.0,-0.0,-0.0,0.75,-0.0,-0.0,0.125,0.125,0.125,-0.0,0.25,0.5,0.125
0.75,-0.0,0.25,0.5,-0.0,-0.0,-0.0,0.625,0.375,-0.0,-0.0,-0.0,-0.0,-0.0,-0.0,0.75,0.875,-0.0,0.375,0.125,-0.0,-0.0,-0.0,0.5,0.875,-0.0,0.25,0.875,0.5,0.5,0.125,0.25,-0.0,2.0,-0.0,0.125,0.125,1.0,0.125,0.0,0.375,1.125,0.25,-0.0,-0.0,0.375,0.125,1.125,-0.0,0.875,0.125,-0.0,-0.0,0.125,0.75,0.625,-0.0,0.25,0.25,0.25,-0.0,0.375,0.375,-0.0
0.875,-0.0,0.125,1.25,-0.0,-0.0,-0.0,1.125,2.0,-0.0,0.375,-0.0,-0.0,0.125,1.5,2.25,1.25,-0.0,0.125,0.25,1.0,0.25,0.75,0.5,0.125,-0.0,-0.0,0.25,1.625,0.375,0.25,0.375,-0.0,2.25,0.25,0.5,-0.0,1.5,1.25,1.125,0.75,1.375,0.25,0.875,-0.0,0.25,0.875,2.0,-0.0,0.375,0.625,-0.0,-0.0,-0.0,0.375,0.5,-0.0,0.125,0.5,1.25,0.25,0.125,0.125,1.375
1.0,0.0,0.375,1.25,0.0,-0.0,-0.0,1.375,2.0,-0.0,0.125,0.25,-0.0,-0.0,1.625,2.125,0.75,-0.0,-0.0,0.125,0.125,-0.0,0.875,0.125,-0.0,-0.0,-0.0,0.125,2.0,0.5,0.125,0.125,-0.0,2.125,0.25,-0.0,-0.0,0.625,0.625,0.875,-0.0,0.75,-0.0,1.0,0.25,-0.0,1.625,1.875,-0.0,-0.0,-0.0,-0.0,-0.0,0.875,0.25,-0.0,-0.0,0.875,0.625,0.375,0.625,0.125,-0.0,1.0
1.0,-0.0,0.25,-0.0,0.125,-0.0,0.125,1.0,1.125,0.625,-0.0,0.25,-0.0,-0.0,1.375,1.75,0.625,-0.0,-0.0,-0.0,-0.0,-0.0,0.625,0.375,-0.0,-0.0,-0.0,0.5,1.75,0.25,0.125,-0.0,-0.0,1.875,0.375,-0.0,0.0,-0.0,-0.0,0.75,-0.0,0.375,0.125,0.75,0.25,-0.0,1.375,1.0,-0.0,-0.0,-0.0,-0.0,-0.0,1.0,0.5,-0.0,-0.0,1.0,0.75,-0.0,0.875,0.125,-0.0,0.75
0.75,0.125,0.375,-0.0,0.125,-0.0,0.125,0.5,0.375,0.875,0.125,0.25,-0.0,-0.0,0.875,2.625,0.625,-0.0,-0.0,0.125,-0.0,-0.0,0.375,0.625,-0.0,-0.0,-0.0,0.625,1.25,0.25,0.0,-0.0,-0.0,1.875,0.25,-0.0,0.0,-0.0,-0.0,1.0,0.25,0.375,0.25,0.125,0.25,0.375,1.25,1.375,-0.0,0.125,-0.0,-0.0,-0.0,1.0,0.625,-0.0,-0.0,1.125,0.625,0.25,0.875,0.125,-0.0,0.5
0.625,0.0,0.5,-0.0,0.125,-0.0,0.375,0.125,-0.0,1.125,0.125,0.125,-0.0,-0.0,0.875,2.5,0.375,0.25,-0.0,0.125,-0.0,-0.0,0.375,0.875,-0.0,-0.0,0.125,0.75,0.5,-0.0,0.125,0.5,-0.0,1.875,0.375,-0.0,0.0,-0.0,-0.0,1.125,0.25,0.5,0.375,0.375,-0.0,0.25,0.875,1.375,-0.0,-0.0,-0.0,-0.0,-0.0,0.875,0.75,0.625,-0.0,1.25,0.375,0.125,0.75,-0.0,0.125,0.75
0.75,0.0,0.625,-0.0,0.125,-0.0,0.25,-0.0,-0.0,0.875,0.375,-0.0,-0.0,0.0,0.75,2.25,0.5,0.25,0.125,0.125,-0.0,-0.0,-0.0,0.75,-0.0,-0.0,0.625,0.5,0.25,0.125,-0.0,1.375,-0.0,1.875,0.125,-0.0,-0.0,-0.0,-0.0,1.375,0.625,0.5,0.375,0.125,-0.0,0.125,0.125,1.625,-0.0,0.125,-0.0,-0.0,-0.0,0.75,0.625,0.625,-0.0,1.25,0.125,0.25,0.25,-0.0,0.0,0.375
0.875,0.25,-0.0,-0.0,0.0,0.375,0.125,-0.0,-0.0,0.5,0.375,-0.0,-0.0,0.125,0.875,1.5,0.375,0.25,0.125,0.375,-0.0,-0.0,-0.0,1.125,-0.0,-0.0,1.25,0.25,0.125,0.0,0.0,2.0,-0.0,1.75,0.125,-0.0,-0.0,-0.0,-0.0,1.25,0.5,0.25,0.25,0.25,0.25,-0.0,0.5,0.75,0.375,-0.0,-0.0,-0.0,-0.0,0.75,0.5,1.0,0.125,1.125,-0.0,0.625,0.125,-0.0,0.125,0.375
1.125,0.375,0.375,-0.0,0.75,0.875,-0.0,1.5,-0.0,0.5,0.875,0.125,-0.0,1.125,1.0,1.125,1.25,0.75,0.875,0.5,-0.0,-0.0,0.125,1.5,0.125,1.625,1.25,-0.0,0.375,0.25,-0.0,1.875,1.625,2.375,0.125,0.5,0.625,-0.0,0.75,1.25,1.125,-0.0,1.125,-0.0,0.25,-0.0,0.375,1.625,0.375,0.5,-0.0,0.375,0.25,0.75,0.5,1.125,-0.0,0.875,-0.0,1.125,0.375,0.375,0.625,0.625
1.0,0.375,0.375,0.5,0.875,1.625,-0.0,1.625,0.5,1.0,0.625,0.625,-0.0,1.375,0.125,-0.0,0.5,0.375,0.875,0.25,0.75,-0.0,-0.0,1.75,0.5,0.125,0.875,0.625,-0.0,1.625,0.25,0.875,0.25,3.375,0.0,0.25,-0.0,0.25,0.5,0.25,1.0,-0.0,0.5,0.625,0.25,0.0,0.5,0.75,1.25,0.875,0.625,-0.0,0.375,0.375,1.125,0.75,0.125,0.75,-0.0,0.75,-0.0,0.625,0.375,0.375
1.125,0.375,-0.0,-0.0,0.125,0.75,-0.0,1.125,-0.0,0.125,0.375,0.25,-0.0,0.375,0.375,-0.0,0.5,0.875,0.625,0.125,-0.0,-0.0,-0.0,0.375,0.375,1.0,0.75,-0.0,-0.0,0.25,-0.0,1.0,1.25,2.125,0.625,-0.0,0.375,0.0,-0.0,0.375,0.125,-0.0,0.125,0.25,0.875,0.125,0.5,0.375,0.25,0.125,-0.0,-0.0,0.0,0.125,0.375,0.125,0.375,0.375,-0.0,1.0,-0.0,0.5,0.375,-0.0
1.25,0.625,-0.0,-0.0,0.125,0.0,-0.0,0.75,-0.0,0.25,-0.0,0.375,-0.0,0.75,-0.0,-0.0,0.5,0.875,0.75,-0.0,-0.0,-0.0,-0.0,0.0,0.25,1.25,0.5,-0.0,-0.0,0.0,-0.0,0.75,1.625,2.125,0.75,0.0,0.875,-0.0,-0.0,0.25,0.125,-0.0,0.625,-0.0,0.875,0.375,0.625,0.25,-0.0,-0.0,-0.0,-0.0,-0.0,-0.0,0.5,-0.0,0.25,0.25,-0.0,0.625,-0.0,0.75,0.5,-0.0
1.5,-0.0,-0.0,0.125,0.125,-0.0,-0.0,0.5,-0.0,0.0,-0.0,-0.0,-0.0,0.0,0.25,0.125,0.75,0.625,0.75,-0.0,-0.0,-0.0,-0.0,-0.0,0.5,1.5,0.5,0.875,0.25,0.375,0.5,0.25,1.375,1.875,0.5,-0.0,0.875,0.25,-0.0,0.0,-0.0,-0.0,-0.0,0.125,1.25,0.375,0.125,-0.0,-0.0,0.5,-0.0,-0.0,-0.0,0.375,1.0,-0.0,-0.0,0.25,-0.0,0.25,-0.0,1.125,0.125,-0.0
1.25,-0.0,-0.0,0.125,-0.0,-0.0,-0.0,0.625,-0.0,0.125,-0.0,-0.0,-0.0,-0.0,-0.0,-0.0,0.625,0.0,0.25,0.25,-0.0,0.125,-0.0,-0.0,0.875,-0.0,0.625,0.875,0.125,0.375,0.25,0.125,0.125,2.0,-0.0,0.0,-0.0,0.125,-0.0,-0.0,0.125,0.125,0.125,0.0,-0.0,0.625,-0.0,-0.0,-0.0,0.5,-0.0,-0.0,-0.0,0.375,1.0,-0.0,-0.0,0.375,0.125,0.125,-0.0,0.375,0.5,-0.0
0.875,-0.0,-0.0,-0.0,-0.0,-0.0,-0.0,0.5,-0.0,-0.0,-0.0,-0.0,-0.0,-0.0,-0.0,-0.0,0.5,-0.0,0.125,-0.0,-0.0,-0.0,-0.0,-0.0,1.0,-0.0,0.625,0.875,-0.0,-0.0,-0.0,0.25,-0.0,2.0,-0.0,-0.0,-0.0,0.125,-0.0,-0.0,0.125,0.125,-0.0,0.125,-0.0,0.5,-0.0,-0.0,-0.0,0.375,0.0,-0.0,-0.0,0.125,0.5,-0.0,-0.0,0.5,-0.0,0.0,-0.0,0.25,0.375,-0.0
1.0,-0.0,-0.0,-0.0,0.0,-0.0,-0.0,0.375,-0.0,-0.0,-0.0,-0.0,-0.0,-0.0,0.125,0.0,0.5,-0.0,0.125,-0.0,-0.0,0.375,-0.0,-0.0,0.875,-0.0,0.75,1.0,-0.0,0.375,0.25,0.5,-0.0,2.0,-0.0,0.125,-0.0,0.125,-0.0,-0.0,0.0,0.375,0.0,0.125,-0.0,0.5,-0.0,-0.0,-0.0,0.25,0.25,-0.0,-0.0,0.125,0.75,0.125,-0.0,0.375,0.125,0.125,-0.0,0.25,0.5,-0.0
0.875,-0.0,-0.0,0.125,0.125,-0.0,-0.0,0.25,-0.0,0.5,-0.0,0.25,-0.0,-0.0,0.25,-0.0,0.375,-0.0,-0.0,0.25,-0.0,0.25,-0.0,0.875,0.125,-0.0,1.0,1.125,-0.0,-0.0,0.25,0.5,-0.0,2.0,-0.0,0.5,-0.0,0.125,-0.0,-0.0,-0.0,1.0,0.25,0.125,-0.0,0.5,0.125,0.25,-0.0,0.25,0.375,-0.0,-0.0,0.375,0.875,0.125,-0.0,0.5,0.125,0.125,-0.0,0.375,0.375,0.25
1.0,-0.0,-0.0,0.625,0.25,-0.0,-0.0,0.25,-0.0,0.375,0.25,0.125,-0.0,-0.0,0.875,-0.0,0.625,0.25,0.375,0.125,-0.0,0.875,-0.0,0.5,0.375,-0.0,1.5,1.25,-0.0,-0.0,-0.0,1.25,-0.0,2.0,-0.0,0.5,-0.0,1.0,-0.0,-0.0,0.75,1.125,0.25,0.125,-0.0,0.75,0.125,-0.0,-0.0,0.125,1.125,-0.0,0.125,0.875,0.625,1.375,-0.0,1.0,0.125,-0.0,-0.0,-0.0,0.25,0.625
1.0,-0.0,-0.0,1.75,0.25,0.0,-0.0,1.0,1.5,0.5,-0.0,0.375,-0.0,-0.0,0.75,-0.0,0.875,0.5,0.75,-0.0,0.625,0.875,-0.0,0.5,0.375,-0.0,1.75,1.125,-0.0,-0.0,-0.0,2.5,-0.0,1.875,-0.0,0.375,-0.0,3.0,0.875,0.125,0.625,0.375,0.125,-0.0,-0.0,1.375,0.25,-0.0,-0.0,0.125,1.125,-0.0,0.375,0.875,0.375,1.375,-0.0,1.375,-0.0,1.375,-0.0,0.125,0.125,0.75
0.75,-0.0,-0.0,2.625,0.25,-0.0,-0.0,1.625,2.125,0.75,-0.0,0.75,0.125,-0.0,0.125,-0.0,0.875,0.375,0.5,-0.0,1.25,0.875,-0.0,0.5,0.375,-0.0,2.125,0.875,0.5,0.125,0.25,3.125,-0.0,2.0,-0.0,0.125,-0.0,3.375,0.75,-0.0,0.375,0.375,0.125,-0.0,-0.0,1.5,0.25,-0.0,-0.0,0.125,0.375,-0.0,0.375,0.25,0.625,0.75,-0.0,1.375,-0.0,1.0,-0.0,0.25,0.125,0.875
0.5,-0.0,-0.0,3.0,0.25,-0.0,-0.0,1.875,2.875,1.0,-0.0,0.875,0.25,-0.0,0.5,-0.0,0.625,0.5,0.375,0.125,1.5,0.5,0.375,0.625,0.25,-0.0,2.25,0.875,1.25,0.25,0.125,3.375,-0.0,2.0,-0.0,0.25,-0.0,3.625,0.875,-0.0,0.5,0.5,0.125,-0.0,-0.0,1.375,0.125,-0.0,0.125,0.125,0.25,-0.0,0.25,0.125,0.625,1.25,-0.0,1.375,-0.0,1.125,-0.0,0.25,-0.0,1.125
-0.0,-0.0,-0.0,2.875,0.125,0.375,-0.0,2.125,3.25,1.0,-0.0,0.75,0.25,-0.0,-0.0,-0.0,0.5,0.375,0.375,-0.0,1.25,0.625,0.5,0.75,-0.0,-0.0,2.25,0.5,1.375,0.5,0.125,3.0,-0.0,1.875,0.25,0.0,0.125,2.875,0.75,-0.0,0.5,0.5,0.25,0.125,-0.0,1.125,-0.0,-0.0,0.375,0.125,0.125,-0.0,0.5,-0.0,0.75,1.125,-0.0,1.125,-0.0,0.625,0.25,0.125,0.25,1.125
-0.0,-0.0,-0.0,2.375,0.125,0.25,0.25,2.125,3.125,0.5,0.25,0.375,-0.0,-0.0,-0.0,-0.0,0.125,0.375,-0.0,0.125,0.875,0.5,0.75,0.375,-0.0,-0.0,2.125,0.5,1.5,0.625,-0.0,2.375,-0.0,1.75,0.375,0.125,-0.0,2.125,0.75,-0.0,0.625,0.625,0.375,0.25,-0.0,0.625,-0.0,-0.0,0.375,0.25,0.5,-0.0,0.625,-0.0,0.875,1.125,-0.0,0.75,0.0,-0.0,0.375,0.375,0.25,1.0
-0.0,-0.0,-0.0,1.5,-0.0,1.0,0.375,2.0,2.625,-0.0,0.25,0.125,-0.0,-0.0,-0.0,-0.0,-0.0,0.625,0.125,-0.0,0.375,-0.0,0.625,0.75,-0.0,-0.0,1.875,0.125,1.5,0.25,-0.0,1.25,0.5,1.625,0.625,0.125,0.0,1.25,0.625,-0.0,0.375,0.375,0.25,0.5,0.25,0.625,-0.0,-0.0,0.375,-0.0,0.25,-0.0,0.625,-0.0,0.625,1.0,0.25,0.375,-0.0,-0.0,0.625,0.25,0.25,0.875
0.75,0.125,0.0,1.0,0.625,1.25,-0.0,2.25,1.125,-0.0,1.0,0.25,0.125,1.0,1.375,0.25,0.875,1.25,0.875,0.125,0.25,-0.0,0.625,1.25,1.125,1.875,1.375,-0.0,1.625,0.375,-0.0,0.625,1.75,2.375,0.625,0.75,0.5,1.5,1.0,0.125,1.0,-0.0,0.75,0.625,0.75,0.25,-0.0,-0.0,1.125,0.75,-0.0,-0.0,0.75,-0.0,0.625,0.75,-0.0,-0.0,-0.0,0.375,0.625,0.75,0.5,1.0
1.125,0.375,0.875,0.875,0.625,1.0,-0.0,1.625,1.25,1.125,0.75,0.375,-0.0,0.875,0.75,1.125,0.5,0.125,-0.0,1.125,1.125,-0.0,0.125,2.0,0.125,-0.0,-0.0,0.5,1.125,1.0,0.625,0.5,-0.0,3.25,-0.0,1.0,-0.0,0.5,0.125,1.0,1.125,0.25,0.625,0.375,-0.0,-0.0,0.75,1.375,0.75,0.875,0.875,-0.0,-0.0,0.125,1.25,0.375,-0.0,0.625,-0.0,0.75,0.375,0.75,0.5,1.25
1.25,0.5,-0.0,1.0,0.25,0.75,-0.0,1.375,0.875,-0.0,0.5,0.25,-0.0,1.0,0.875,1.0,-0.0,-0.0,-0.0,0.125,-0.0,-0.0,-0.0,0.875,-0.0,0.625,-0.0,-0.0,1.125,0.25,-0.0,0.25,0.875,2.125,1.0,0.125,0.25,0.5,0.5,0.75,0.5,-0.0,0.125,0.5,1.25,-0.0,1.0,0.5,0.25,-0.0,-0.0,-0.0,-0.0,0.125,0.5,-0.0,0.5,0.25,-0.0,0.125,0.75,0.625,0.375,0.875
1.375,0.75,-0.0,0.875,0.125,0.5,-0.0,1.0,0.25,-0.0,0.0,0.125,-0.0,0.625,0.375,0.75,-0.0,0.125,0.5,-0.0,-0.0,-0.0,-0.0,-0.0,0.125,1.5,-0.0,-0.0,0.875,0.25,-0.0,0.25,1.375,2.125,0.875,0.5,0.75,0.5,-0.0,0.25,0.0,-0.0,0.5,-0.0,1.25,0.125,1.0,0.375,0.625,0.125,-0.0,0.0,-0.0,0.25,0.375,-0.0,0.25,0.375,-0.0,0.375,0.625,0.5,0.375,0.5
1.375,-0.0,-0.0,0.875,0.25,-0.0,-0.0,0.875,0.375,0.25,-0.0,-0.0,-0.0,-0.0,0.25,0.5,0.5,0.25,0.625,-0.0,-0.0,-0.0,-0.0,-0.0,0.25,1.625,0.25,0.5,0.75,-0.0,0.375,0.0,1.125,1.875,0.75,-0.0,0.75,0.625,-0.0,-0.0,-0.0,-0.0,-0.0,0.125,1.25,0.375,0.25,-0.0,-0.0,0.5,-0.0,-0.0,-0.0,0.25,1.125,-0.0,-0.0,-0.0,0.375,-0.0,0.125,1.125,0.375,-0.0
1.125,-0.0,-0.0,0.5,-0.0,-0.0,-0.0,0.875,0.25,0.375,-0.0,-0.0,-0.0,-0.0,0.125,0.625,0.5,-0.0,0.0,-0.0,-0.0,-0.0,-0.0,0.375,0.125,-0.0,0.25,0.625,0.625,0.5,0.5,0.125,0.0,2.0,0.0,-0.0,-0.0,0.625,-0.0,-0.0,0.125,0.25,0.125,-0.0,-0.0,0.375,0.625,0.25,-0.0,0.5,-0.0,-0.0,-0.0,0.375,1.125,-0.0,-0.0,0.375,0.5,0.125,-0.0,0.625,0.5,-0.0
0.875,-0.0,-0.0,0.375,-0.0,-0.0,-0.0,0.625,0.125,0.25,-0.0,-0.0,-0.0,-0.0,0.125,0.625,0.5,-0.0,0.0,-0.0,-0.0,-0.0,-0.0,0.625,0.125,-0.0,0.25,0.5,0.375,0.25,0.0,0.125,-0.0,2.0,-0.0,-0.0,-0.0,0.375,-0.0,-0.0,0.0,0.25,0.0,0.125,-0.0,0.25,0.625,0.125,-0.0,0.375,0.125,-0.0,-0.0,0.125,0.625,-0.0,-0.0,0.5,0.375,-0.0,-0.0,0.125,0.25,0.25
0.875,-0.0,-0.0,0.375,-0.0,-0.0,-0.0,0.625,0.125,0.25,-0.0,-0.0,-0.0,-0.0,0.125,0.625,0.5,-0.0,-0.0,-0.0,-0.0,-0.0,-0.0,0.5,-0.0,-0.0,0.25,0.875,0.375,0.375,0.25,0.25,-0.0,2.125,-0.0,0.125,0.0,0.375,-0.0,-0.0,0.0,0.375,-0.0,0.25,-0.0,0.25,0.625,0.25,-0.0,0.25,-0.0,-0.0,-0.0,0.125,0.875,-0.0,-0.0,0.5,0.25,0.0,-0.0,0.25,0.25,0.25
0.75,-0.0,0.375,0.5,-0.0,-0.0,-0.0,0.375,0.5,0.125,-0.0,-0.0,-0.0,-0.0,0.25,0.625,0.875,-0.0,0.125,0.0,-0.0,-0.0,-0.0,0.375,0.0,-0.0,0.25,0.875,0.25,0.5,0.25,0.0,-0.0,2.0,-0.0,-0.0,-0.0,0.75,0.125,0.125,0.375,1.375,0.25,0.25,-0.0,0.375,0.125,0.875,-0.0,0.625,0.25,-0.0,-0.0,0.0,0.875,0.625,-0.0,0.375,0.25,0.375,-0.0,0.25,0.25,0.125
0.875,0.125,0.5,0.75,-0.0,-0.0,-0.0,1.125,1.5,-0.0,0.5,0.125,-0.0,0.25,1.125,1.625,1.125,-0.0,-0.0,-0.0,0.625,-0.0,0.5,0.875,0.125,-0.0,-0.0,0.125,1.5,-0.0,0.125,0.0,-0.0,2.0,0.125,0.125,-0.0,1.125,1.0,1.0,0.75,1.5,0.25,0.625,-0.0,0.25,0.625,1.375,-0.0,0.5,0.5,-0.0,-0.0,-0.0,0.25,0.125,-0.0,0.25,0.625,0.75,-0.0,-0.0,0.125,0.625
1.0,0.0,0.5,0.5,0.125,-0.0,-0.0,1.25,1.5,0.25,0.25,0.625,-0.0,-0.0,1.375,1.875,1.0,-0.0,-0.0,-0.0,0.375,-0.0,0.875,1.25,0.375,-0.0,-0.0,0.25,2.0,0.125,0.125,-0.0,-0.0,2.0,0.25,-0.0,-0.0,0.25,0.625,1.125,-0.0,0.625,0.0,0.75,0.125,-0.0,0.875,1.5,-0.0,-0.0,-0.0,-0.0,-0.0,0.875,0.25,-0.0,-0.0,0.875,0.625,0.25,0.25,-0.0,-0.0,0.75
0.875,0.0,0.25,-0.0,0.125,-0.0,0.25,0.875,0.75,0.625,0.125,-0.0,-0.0,-0.0,0.625,2.125,0.875,-0.0,-0.0,0.125,-0.0,-0.0,0.75,0.25,0.25,-0.0,-0.0,0.375,1.75,0.25,0.25,-0.0,-0.0,1.75,0.125,-0.0,-0.0,-0.0,-0.0,1.0,0.0,0.375,0.25,0.125,0.375,-0.0,0.875,1.375,-0.0,0.0,-0.0,-0.0,-0.0,1.0,0.375,-0.0,0.125,0.875,0.625,-0.0,0.75,0.125,-0.0,1.125
1.0,0.125,0.75,-0.0,0.25,-0.0,-0.0,0.5,0.625,1.0,0.125,0.125,-0.0,-0.0,0.75,2.375,0.625,-0.0,-0.0,0.25,-0.0,-0.0,0.625,0.875,-0.0,-0.0,-0.0,0.5,1.25,0.25,0.125,-0.0,-0.0,1.75,0.125,-0.0,0.0,-0.0,-0.0,1.0,-0.0,0.25,0.25,0.375,0.25,0.0,1.125,1.25,-0.0,0.125,-0.0,-0.0,-0.0,1.0,0.625,-0.0,-0.0,0.875,0.625,-0.0,0.75,0.125,0.0,1.0
0.875,0.125,0.5,-0.0,0.0,-0.0,-0.0,0.375,-0.0,1.375,0.25,0.125,-0.0,-0.0,0.75,2.25,0.625,0.25,-0.0,0.125,-0.0,-0.0,0.375,1.5,-0.0,-0.0,-0.0,0.375,1.0,-0.0,-0.0,0.375,-0.0,1.875,0.25,-0.0,0.125,-0.0,-0.0,1.125,0.125,0.25,0.25,0.375,0.375,0.125,0.5,0.875,-0.0,-0.0,-0.0,-0.0,-0.0,0.875,0.625,0.375,-0.0,1.0,0.125,0.125,0.625,0.125,0.0,1.0
0.875,-0.0,0.375,-0.0,0.125,-0.0,-0.0,0.125,-0.0,1.125,0.25,-0.0,-0.0,-0.0,0.625,2.125,0.625,0.125,-0.0,0.125,-0.0,0.125,0.125,1.0,-0.0,-0.0,0.25,0.5,0.75,0.125,0.125,1.0,-0.0,1.875,0.125,-0.0,-0.0,-0.0,-0.0,1.125,0.375,0.375,0.5,-0.0,0.125,0.125,0.5,1.5,-0.0,0.0,-0.0,-0.0,-0.0,0.75,0.875,0.375,-0.0,1.0,-0.0,0.25,0.5,0.25,-0.0,0.5
1.0,0.25,0.375,-0.0,0.25,-0.0,-0.0,0.25,-0.0,0.75,0.5,0.0,-0.0,0.25,0.625,1.875,0.625,0.5,0.375,0.0,-0.0,0.0,-0.0,0.75,-0.0,-0.0,0.625,0.125,0.75,-0.0,-0.0,1.625,0.25,1.875,0.625,-0.0,0.125,-0.0,-0.0,1.25,0.25,0.0,0.25,0.375,0.5,-0.0,0.375,1.375,-0.0,-0.0,-0.0,-0.0,-0.0,0.375,0.375,0.5,0.25,1.125,0.25,0.875,0.375,-0.0,0.125,0.5
1.125,0.375,-0.0,-0.0,0.375,0.0,-0.0,1.0,-0.0,0.625,0.0,-0.0,-0.0,0.625,2.0,1.875,1.375,0.875,0.75,0.5,-0.0,-0.0,0.375,1.0,0.375,1.0,1.0,0.125,0.375,0.75,0.125,1.5,1.125,2.75,0.25,1.25,-0.0,-0.0,0.375,1.25,0.625,-0.0,0.25,0.75,0.625,-0.0,1.0,1.625,0.5,0.625,-0.0,0.125,-0.0,1.125,0.875,0.875,-0.0,1.375,0.125,0.625,0.5,0.625,-0.0,1.0
1.375,0.375,0.375,0.75,1.0,1.375,0.125,1.375,0.5,1.625,-0.0,0.625,-0.0,-0.0,1.625,0.25,0.5,0.625,0.75,0.5,0.5,-0.0,-0.0,2.125,0.5,-0.0,1.125,0.75,-0.0,0.375,0.375,1.125,0.25,3.25,-0.0,0.875,0.25,0.75,0.25,0.5,0.5,0.0,0.625,-0.0,0.125,0.125,0.75,0.5,1.375,1.0,1.0,-0.0,0.375,0.75,1.25,0.75,0.5,1.375,-0.0,0.875,-0.0,0.625,0.5,0.5
0.75,0.375,-0.0,0.375,0.125,0.625,-0.0,1.375,-0.0,0.75,0.5,0.25,-0.0,1.0,-0.0,-0.0,0.25,0.25,0.5,0.25,-0.0,-0.0,-0.0,0.875,0.25,-0.0,0.875,0.375,0.375,0.125,-0.0,0.75,1.0,2.0,0.75,0.125,0.0,0.625,0.75,0.25,1.125,0.25,0.5,0.625,0.5,0.25,-0.0,0.5,-0.0,0.125,-0.0,-0.0,0.25,-0.0,0.5,0.875,0.375,1.125,-0.0,0.375,-0.0,0.375,0.375,-0.0
1.25,0.5,0.0,0.0,0.0,0.625,-0.0,1.0,-0.0,-0.0,0.5,0.375,-0.0,1.25,1.125,0.0,0.625,0.5,1.0,-0.0,-0.0,-0.0,-0.0,0.0,0.875,2.625,0.125,-0.0,0.5,-0.0,-0.0,0.75,1.75,1.875,0.875,0.75,0.875,0.125,0.375,0.375,0.25,-0.0,0.0,1.0,1.75,-0.0,-0.0,-0.0,0.5,0.25,-0.0,-0.0,-0.0,-0.0,0.125,-0.0,0.25,-0.0,-0.0,0.5,0.125,0.625,0.125,-0.0
1.5,-0.0,-0.0,-0.0,0.125,-0.0,0.125,0.5,-0.0,0.25,-0.0,-0.0,-0.0,-0.0,-0.0,-0.0,0.75,0.5,0.75,-0.0,-0.0,0.375,-0.0,-0.0,0.625,2.25,0.5,0.75,0.125,0.125,0.75,0.625,1.375,1.875,0.625,0.0,0.875,0.0,-0.0,0.125,-0.0,-0.0,-0.0,-0.0,1.5,0.5,-0.0,-0.0,-0.0,0.375,-0.0,-0.0,-0.0,0.375,1.25,-0.0,-0.0,0.0,0.25,0.125,-0.0,1.0,0.375,-0.0
1.375,-0.0,-0.0,-0.0,-0.0,-0.0,0.25,0.625,-0.0,0.0,-0.0,-0.0,-0.0,-0.0,-0.0,-0.0,0.625,0.125,0.125,0.125,-0.0,0.125,-0.0,-0.0,0.625,-0.0,0.5,1.0,0.0,0.25,0.5,0.5,0.0,2.0,-0.0,0.125,-0.0,0.125,-0.0,0.125,0.125,0.25,0.125,-0.0,-0.0,0.625,-0.0,0.125,-0.0,0.375,-0.0,-0.0,-0.0,0.375,1.0,-0.0,-0.0,0.375,0.125,0.125,-0.0,0.5,0.5,-0.0
1.0,-0.0,-0.0,-0.0,0.0,-0.0,-0.0,0.5,-0.0,0.125,-0.0,0.0,-0.0,-0.0,-0.0,-0.0,0.5,-0.0,0.25,-0.0,-0.0,-0.0,-0.0,0.125,0.75,-0.0,0.5,0.875,0.0,0.25,-0.0,0.375,-0.0,2.0,-0.0,0.125,-0.0,0.125,-0.0,0.0,0.125,0.125,-0.0,0.0,-0.0,0.375,-0.0,-0.0,-0.0,0.5,0.0,-0.0,-0.0,0.25,0.625,0.0,-0.0,0.25,-0.0,0.25,-0.0,0.25,0.25,0.0
0.875,-0.0,-0.0,0.25,0.0,-0.0,-0.0,0.5,-0.0,0.5,-0.0,-0.0,-0.0,-0.0,-0.0,0.125,1.625,-0.0,0.75,0.125,-0.0,0.125,-0.0,0.375,0.5,-0.0,0.75,0.625,0.125,0.25,0.625,0.375,-0.0,2.0,-0.0,0.375,0.125,0.25,0.125,0.125,0.125,0.875,-0.0,-0.0,-0.0,0.625,0.25,-0.0,0.625,0.875,0.0,-0.0,-0.0,0.0,0.75,0.0,-0.0,0.125,0.25,0.0,-0.0,0.5,0.375,-0.0
0.875,0.25,1.375,0.375,0.0,-0.0,-0.0,0.25,-0.0,0.5,1.125,0.25,-0.0,0.125,0.875,1.875,1.375,-0.0,0.0,0.75,-0.0,-0.0,-0.0,0.5,1.25,-0.0,0.75,0.75,0.25,0.125,0.5,0.5,-0.0,2.125,-0.0,0.25,-0.0,0.25,-0.0,1.375,0.0,1.375,0.375,0.625,-0.0,0.75,-0.0,3.125,-0.0,0.75,-0.0,-0.0,-0.0,0.25,0.875,-0.0,-0.0,0.625,0.125,1.5,-0.0,0.25,0.5,-0.0
1.0,0.375,0.375,0.875,0.375,-0.0,-0.0,0.0,-0.0,0.25,0.625,0.5,-0.0,-0.0,1.0,1.375,0.375,0.625,0.75,1.0,0.25,0.125,-0.0,0.75,1.25,1.125,1.125,1.125,0.25,0.5,-0.0,1.375,-0.0,2.25,-0.0,2.375,-0.0,1.0,-0.0,0.875,0.75,1.25,0.5,-0.0,-0.0,1.0,-0.0,1.375,2.5,0.5,1.75,-0.0,-0.0,0.75,0.625,1.125,0.125,1.125,0.125,0.75,-0.0,0.125,0.625,1.0
1.125,-0.0,-0.0,3.375,0.25,-0.0,-0.0,0.125,1.125,0.625,0.25,2.625,0.125,-0.0,5.125,1.875,1.75,1.375,1.125,0.375,1.125,0.0,-0.0,1.375,-0.0,0.125,2.125,1.125,-0.0,0.125,1.0,3.375,-0.0,1.625,0.5,0.625,0.125,4.0,0.75,1.5,0.375,0.0,0.375,1.375,-0.0,2.625,2.25,-0.0,0.375,-0.0,1.0,-0.0,0.625,1.0,0.5,1.625,0.625,1.875,-0.0,1.375,-0.0,-0.0,0.25,1.125
1.375,-0.0,1.25,3.875,0.75,0.125,-0.0,1.125,2.375,1.125,-0.0,2.0,1.0,-0.0,1.75,1.625,1.5,0.75,-0.0,0.75,1.875,0.75,-0.0,0.375,-0.0,-0.0,2.375,1.375,0.25,-0.0,0.625,4.75,-0.0,0.875,-0.0,0.25,0.0,4.5,0.875,0.625,0.5,0.125,0.125,-0.0,0.125,2.875,3.75,0.125,0.5,1.25,0.0,-0.0,0.5,2.0,-0.0,0.75,0.25,2.625,-0.0,1.625,-0.0,0.0,-0.0,0.375
0.875,0.5,1.5,4.0,0.375,0.125,0.125,1.875,2.5,1.125,0.75,2.625,0.875,-0.0,2.0,1.125,2.125,0.75,0.375,0.375,1.75,0.25,-0.0,0.75,0.125,-0.0,2.0,1.875,1.0,-0.0,-0.0,4.25,-0.0,1.5,-0.0,-0.0,0.125,4.125,1.25,1.125,0.125,0.5,0.375,-0.0,-0.0,2.75,2.0,2.875,0.125,0.125,-0.0,-0.0,0.5,1.125,0.25,1.125,0.75,3.0,-0.0,2.0,-0.0,0.125,0.125,0.25
0.5,-0.0,-0.0,2.75,0.625,0.125,-0.0,2.375,3.0,1.0,-0.0,0.125,0.375,-0.0,-0.0,0.375,0.375,0.625,0.25,1.125,1.875,1.0,0.375,0.5,0.375,-0.0,1.75,1.75,1.375,0.25,-0.0,3.625,-0.0,1.625,-0.0,-0.0,0.125,3.375,1.25,-0.0,0.75,0.5,0.25,-0.0,-0.0,1.5,-0.0,0.125,0.125,0.25,0.125,-0.0,0.5,0.875,0.5,1.375,-0.0,1.875,-0.0,-0.0,-0.0,0.25,0.375,0.625
-0.0,-0.0,-0.0,2.5,0.25,0.125,-0.0,2.125,2.875,0.125,0.125,0.125,-0.0,-0.0,-0.0,-0.0,0.125,0.5,0.125,-0.0,0.875,0.75,0.375,0.25,0.375,-0.0,1.75,0.5,1.375,0.625,-0.0,2.375,-0.0,1.625,0.0,0.125,-0.0,2.375,0.5,-0.0,0.375,0.625,0.375,-0.0,0.0,0.75,-0.0,-0.0,0.0,0.125,0.125,-0.0,0.625,-0.0,0.625,0.875,-0.0,0.625,-0.0,-0.0,0.25,0.5,0.125,1.125
-0.0,0.125,-0.0,2.0,0.125,0.5,-0.0,2.125,2.625,-0.0,0.375,0.75,-0.0,0.375,-0.0,-0.0,-0.0,0.875,0.25,-0.0,0.875,0.625,0.375,0.875,0.125,-0.0,1.75,-0.0,1.25,0.25,-0.0,1.875,0.625,1.625,0.625,0.125,0.25,1.875,0.5,-0.0,0.5,0.25,0.25,0.25,0.25,0.375,-0.0,-0.0,0.25,-0.0,0.25,-0.0,0.75,-0.0,0.375,0.75,0.375,0.375,-0.0,-0.0,0.5,0.25,0.25,1.125
0.75,-0.0,-0.0,1.75,0.5,0.625,-0.0,2.5,2.125,-0.0,0.0,0.625,-0.0,0.625,0.5,-0.0,1.0,1.0,0.875,0.25,0.625,0.25,0.75,1.25,0.625,1.125,1.75,-0.0,1.75,0.875,-0.0,1.5,1.5,2.625,0.625,0.875,0.125,1.625,1.125,-0.0,0.625,-0.0,0.375,1.625,0.625,0.375,0.375,-0.0,1.625,0.875,-0.0,-0.0,0.75,-0.0,0.75,1.0,-0.0,0.25,0.125,0.375,0.5,0.75,0.375,1.125
1.5,0.5,0.875,0.5,1.25,1.375,-0.0,1.875,1.75,1.5,0.25,0.875,-0.0,0.375,1.75,1.25,0.5,-0.0,-0.0,0.25,1.875,-0.0,0.125,2.625,0.25,0.125,-0.0,-0.0,1.5,0.375,0.5,0.125,0.125,3.125,0.5,0.625,0.25,0.5,1.0,1.25,0.875,-0.0,0.5,1.5,0.875,-0.0,0.75,1.25,-0.0,0.5,0.625,-0.0,-0.0,0.875,0.75,-0.0,0.375,0.375,0.125,0.375,0.875,0.25,0.75,1.25
0.75,0.375,-0.0,0.875,0.125,0.875,0.5,1.25,0.5,0.75,0.125,0.5,-0.0,-0.0,1.125,1.0,-0.0,0.5,0.25,0.75,-0.0,-0.0,-0.0,1.0,0.25,-0.0,-0.0,0.25,1.0,0.5,-0.0,0.375,0.75,2.125,0.625,0.375,0.25,0.125,-0.0,0.625,0.75,0.0,0.625,0.25,0.625,-0.0,0.25,0.5,1.5,-0.0,-0.0,-0.0,-0.0,1.0,1.0,0.875,0.375,1.125,0.125,-0.0,0.5,0.75,0.375,1.0
1.125,0.875,-0.0,0.375,-0.0,0.5,-0.0,1.0,0.125,-0.0,0.5,-0.0,-0.0,1.625,-0.0,0.375,0.25,0.625,0.375,-0.0,-0.0,-0.0,-0.0,0.125,1.125,2.375,0.0,-0.0,0.5,0.25,-0.0,0.25,1.5,1.875,1.0,0.75,1.0,0.375,0.625,0.25,1.375,-0.0,0.625,0.875,1.375,-0.0,0.125,0.125,0.25,0.375,-0.0,-0.0,-0.0,-0.0,-0.0,0.375,0.25,0.5,-0.0,0.125,-0.0,0.375,0.375,0.375
1.5,-0.0,-0.0,0.625,0.25,-0.0,0.125,0.75,-0.0,-0.0,-0.0,-0.0,-0.0,0.125,0.625,0.375,0.5,0.375,0.75,-0.0,-0.0,0.5,-0.0,-0.0,0.625,2.375,0.375,0.5,0.75,0.625,0.75,0.0,1.375,1.75,0.75,-0.0,1.0,0.625,-0.0,-0.0,-0.0,-0.0,-0.0,0.25,1.75,0.375,-0.0,-0.0,0.25,0.25,-0.0,0.0,-0.0,0.375,1.375,-0.0,0.0,-0.0,0.25,-0.0,0.125,1.25,-0.0,-0.0
1.375,-0.0,-0.0,0.5,-0.0,-0.0,0.25,0.75,0.375,0.25,-0.0,-0.0,-0.0,-0.0,0.125,0.375,0.5,-0.0,0.375,0.25,-0.0,0.5,-0.0,-0.0,-0.0,-0.0,0.5,0.625,0.375,0.75,0.375,0.25,0.125,2.125,0.125,0.375,-0.0,0.5,0.125,-0.0,0.25,0.25,0.0,-0.0,-0.0,0.75,0.125,0.125,-0.0,0.75,-0.0,-0.0,-0.0,0.25,1.125,-0.0,-0.0,0.375,0.5,0.25,-0.0,0.25,0.625,-0.0
0.875,-0.0,1.0,-0.0,0.0,-0.0,-0.0,0.25,-0.0,0.375,-0.0,0.625,-0.0,-0.0,1.625,1.25,1.75,-0.0,0.5,0.125,-0.0,-0.0,-0.0,0.5,-0.0,-0.0,0.5,0.875,0.25,0.375,0.5,0.25,-0.0,2.125,0.125,0.375,-0.0,-0.0,0.125,1.0,0.25,0.875,0.0,0.875,-0.0,0.75,0.875,1.0,0.375,0.875,-0.0,-0.0,-0.0,0.25,0.625,0.125,-0.0,0.625,0.75,1.125,-0.0,0.25,0.375,-0.0
0.375,0.5,1.25,0.25,0.5,-0.0,-0.0,0.25,-0.0,0.25,1.0,1.125,-0.0,-0.0,1.125,1.375,1.75,-0.0,0.5,2.625,0.25,-0.0,1.0,1.25,-0.0,-0.0,0.0,0.5,-0.0,0.375,0.375,0.125,-0.0,2.125,-0.0,4.125,0.0,-0.0,0.0,1.5,0.25,1.375,0.625,0.25,-0.0,0.5,0.75,5.0,-0.0,1.25,0.875,-0.0,-0.0,0.875,0.625,-0.0,0.125,0.875,0.5,1.5,-0.0,0.375,0.375,2.125
0.375,0.625,0.625,2.125,0.375,0.875,-0.0,0.125,0.625,0.75,0.75,1.0,-0.0,-0.0,-0.0,0.25,1.375,0.875,3.25,1.75,2.0,-0.0,1.0,-0.0,1.125,1.5,1.625,1.0,-0.0,0.5,-0.0,1.375,-0.0,2.25,-0.0,2.625,0.125,1.5,0.125,0.5,0.75,0.875,0.375,-0.0,-0.0,0.875,-0.0,4.0,5.0,1.0,1.875,-0.0,0.125,1.125,0.5,0.25,-0.0,0.375,0.5,0.125,-0.0,0.625,0.25,3.25
0.25,0.625,-0.0,3.125,1.0,0.125,-0.0,0.375,0.75,1.75,-0.0,2.625,0.125,0.375,4.625,2.625,3.375,1.25,2.125,0.375,0.375,-0.0,0.375,2.0,1.0,0.5,0.875,1.5,1.25,1.75,2.0,2.375,-0.0,1.625,-0.0,0.0,1.5,2.375,1.125,1.0,0.75,1.125,0.375,1.5,0.125,1.375,1.375,7.0,4.375,1.875,-0.0,-0.0,-0.0,-0.0,1.5,0.625,-0.0,1.5,0.375,4.25,-0.0,1.75,1.0,0.5
-0.0,1.875,0.625,1.125,-0.0,0.5,0.75,0.5,1.75,0.75,2.5,1.5,0.75,1.5,0.125,2.125,1.875,-0.0,-0.0,2.875,5.375,-0.0,2.25,0.75,-0.0,-0.0,-0.0,1.0,2.75,0.125,1.75,0.625,-0.0,1.25,1.75,3.125,-0.0,3.0,3.0,2.125,2.25,2.25,1.75,4.375,-0.0,0.625,0.75,6.75,-0.0,0.25,1.125,0.125,1.375,-0.0,0.375,3.0,1.75,2.25,1.125,0.875,0.875,-0.0,0.125,4.5
-0.0,1.125,2.625,3.0,2.5,2.875,-0.0,-0.0,0.5,-0.0,-0.0,-0.0,2.125,0.5,3.5,3.0,-0.0,-0.0,-0.0,0.875,1.75,-0.0,2.375,-0.0,1.0,-0.0,-0.0,-0.0,3.25,4.375,-0.0,-0.0,-0.0,-0.0,-0.0,-0.0,2.625,3.75,1.125,1.5,0.125,0.375,2.125,3.5,2.0,-0.0,0.75,0.5,4.0,2.125,-0.0,0.375,0.75,1.75,-0.0,0.875,1.0,-0.0,1.625,-0.0,1.5,2.5,-0.0,2.375
0.5,1.875,1.875,2.75,-0.0,1.75,1.0,1.25,2.0,-0.0,2.875,0.875,1.75,2.25,5.5,2.625,-0.0,0.125,1.875,2.875,6.125,-0.0,2.25,0.0,-0.0,2.0,-0.0,-0.0,2.375,-0.0,-0.0,-0.0,0.75,0.375,3.375,3.75,2.75,2.25,3.25,2.625,2.375,-0.0,0.625,5.0,2.625,0.125,-0.0,6.0,5.125,-0.0,-0.0,-0.0,0.5,2.25,-0.0,-0.0,2.5,-0.0,1.625,0.0,1.5,-0.0,0.625,2.5
1.5,-0.0,1.0,1.375,2.375,0.25,0.125,-0.0,-0.0,2.375,0.25,1.25,-0.0,-0.0,5.375,2.0,1.25,0.875,2.0,1.625,-0.0,-0.0,-0.0,1.25,-0.0,-0.0,0.875,2.375,0.75,2.5,0.75,1.25,0.25,1.25,1.125,0.125,-0.0,0.25,-0.0,2.0,1.0,0.25,0.375,0.375,3.25,2.0,0.625,2.375,2.875,0.625,-0.0,-0.0,-0.0,4.0,0.625,0.875,-0.0,1.75,1.125,3.375,0.5,2.75,0.75,1.375
1.125,0.25,0.5,0.625,0.25,-0.0,-0.0,0.125,-0.0,1.625,0.0,0.625,-0.0,-0.0,0.625,1.375,0.875,0.5,0.25,0.875,-0.0,1.125,-0.0,1.375,-0.0,-0.0,1.25,1.125,-0.0,-0.0,0.0,1.25,-0.0,1.75,-0.0,-0.0,-0.0,0.375,-0.0,1.5,0.25,0.5,0.25,-0.0,-0.0,1.25,1.0,1.25,-0.0,0.25,-0.0,-0.0,-0.0,2.0,0.375,0.625,-0.0,2.0,0.125,0.25,-0.0,-0.0,0.0,-0.0
1.0,0.625,0.25,0.25,0.125,-0.0,-0.0,0.5,-0.0,1.0,0.375,-0.0,-0.0,0.5,0.375,0.75,0.875,0.625,0.375,0.125,-0.0,1.375,-0.0,0.75,-0.0,-0.0,1.25,0.5,-0.0,-0.0,-0.0,1.0,0.375,2.0,-0.0,-0.0,0.25,0.0,-0.0,1.0,0.5,0.25,0.625,-0.0,-0.0,0.75,0.625,1.125,-0.0,-0.0,-0.0,-0.0,-0.0,0.75,0.375,0.625,0.125,1.625,-0.0,0.375,-0.0,0.0,0.375,-0.0
1.375,0.125,0.375,-0.0,0.25,-0.0,-0.0,1.5,-0.0,1.5,-0.0,-0.0,-0.0,0.125,0.0,0.625,1.375,0.625,1.0,0.25,-0.0,1.125,-0.0,1.25,0.125,0.375,1.25,0.75,-0.0,0.875,-0.0,0.75,0.75,3.125,-0.0,-0.0,0.875,0.0,0.25,0.875,0.75,-0.0,1.375,-0.0,0.25,0.375,1.0,1.625,0.75,0.875,-0.0,-0.0,-0.0,0.75,1.0,0.75,-0.0,0.75,-0.0,0.75,-0.0,0.75,-0.0,-0.0
1.0,0.375,-0.0,0.875,0.625,1.75,-0.0,1.5,0.875,1.25,0.125,0.75,0.25,1.5,-0.0,-0.0,0.5,1.125,1.25,0.0,1.375,0.75,-0.0,1.75,1.0,0.375,1.375,1.875,0.25,2.5,-0.0,1.25,0.5,2.875,-0.0,0.625,0.125,0.875,1.25,-0.0,1.75,-0.0,0.125,0.875,-0.0,0.25,-0.0,-0.0,0.875,1.25,1.25,-0.0,0.5,0.75,0.875,1.125,0.0,0.625,-0.0,1.125,-0.0,0.75,0.375,1.0
0.25,-0.0,-0.0,0.625,0.375,0.5,0.25,1.75,0.75,0.75,-0.0,1.125,-0.0,0.125,-0.0,-0.0,0.5,0.75,0.875,0.25,-0.0,1.25,-0.0,0.75,0.5,-0.0,1.25,0.125,0.25,0.75,-0.0,1.125,1.125,1.75,0.5,0.25,0.25,0.875,0.25,-0.0,-0.0,-0.0,-0.0,0.25,0.375,0.625,-0.0,0.25,0.875,0.375,-0.0,-0.0,0.125,-0.0,0.875,0.25,0.375,0.25,-0.0,0.5,0.0,0.875,-0.0,-0.0
0.625,0.75,-0.0,0.75,0.0,0.5,-0.0,1.25,-0.0,0.5,0.375,0.0,-0.0,1.25,0.125,-0.0,2.5,1.125,1.625,-0.0,-0.0,-0.0,-0.0,-0.0,1.875,2.5,1.125,-0.0,0.125,0.125,-0.0,0.5,1.625,1.875,1.125,0.75,0.75,0.375,-0.0,1.125,0.75,-0.0,0.5,0.5,0.5,0.625,-0.0,0.125,0.875,0.875,-0.0,-0.0,0.125,-0.0,0.125,-0.0,-0.0,0.625,-0.0,0.375,-0.0,0.25,0.375,-0.0
1.625,-0.0,-0.0,0.375,0.25,-0.0,-0.0,0.375,-0.0,0.25,-0.0,-0.0,-0.0,0.375,0.625,1.25,2.25,0.75,1.125,0.25,-0.0,-0.0,0.5,-0.0,0.875,2.25,0.5,0.5,0.5,-0.0,1.0,0.5,1.125,1.75,1.0,-0.0,0.875,0.125,-0.0,1.875,-0.0,-0.0,0.125,0.625,1.375,0.5,-0.0,2.0,-0.0,0.25,-0.0,-0.0,-0.0,0.125,1.0,-0.0,-0.0,-0.0,0.25,0.875,-0.0,1.125,0.0,-0.0
1.375,-0.0,0.75,-0.0,-0.0,-0.0,-0.0,0.0,-0.0,0.125,-0.0,-0.0,-0.0,-0.0,1.875,1.5,1.5,-0.0,0.375,0.5,-0.0,-0.0,0.75,-0.0,0.625,-0.0,0.25,1.125,0.25,0.125,0.5,0.375,-0.0,1.875,-0.0,-0.0,0.125,0.0,-0.0,1.75,-0.0,0.75,-0.0,0.375,0.375,0.75,-0.0,2.875,-0.0,1.25,-0.0,-0.0,-0.0,1.125,0.75,0.25,-0.0,1.0,0.375,0.125,-0.0,0.25,0.5,-0.0
0.0,0.375,1.125,0.875,0.25,-0.0,-0.0,0.125,-0.0,-0.0,0.875,-0.0,-0.0,-0.0,0.125,0.5,1.5,0.5,-0.0,1.125,1.25,-0.0,1.25,0.625,0.375,-0.0,-0.0,1.25,0.875,0.5,0.5,-0.0,-0.0,1.75,-0.0,1.25,-0.0,0.875,0.625,1.5,1.125,1.75,0.375,0.875,-0.0,0.125,-0.0,4.5,0.25,1.125,0.75,-0.0,-0.0,1.25,1.0,0.875,-0.0,1.125,0.375,0.75,-0.0,0.25,0.125,1.75
0.375,1.375,0.5,0.5,0.75,0.5,-0.0,1.125,1.5,0.125,1.5,0.875,-0.0,1.5,1.75,0.625,0.625,0.875,0.875,2.0,0.75,-0.0,1.375,0.875,0.375,1.625,-0.0,-0.0,1.25,0.375,-0.0,-0.0,0.125,2.125,0.875,2.125,1.125,1.0,1.125,1.375,0.75,0.75,1.0,1.375,0.75,-0.0,-0.0,1.75,4.25,-0.0,0.75,-0.0,0.875,0.125,-0.0,0.25,0.5,-0.0,0.625,1.875,0.125,0.5,0.625,1.75
0.25,-0.0,-0.0,1.0,0.625,-0.0,-0.0,0.75,2.625,0.875,0.375,2.0,-0.0,-0.0,2.0,3.375,3.0,0.25,2.5,2.0,3.875,-0.0,1.5,2.25,-0.0,1.0,-0.0,0.125,1.625,0.5,1.25,0.625,0.0,1.875,0.25,4.0,1.25,0.875,-0.0,1.75,0.25,0.5,1.0,1.125,1.375,-0.0,0.875,5.875,1.125,0.875,-0.0,-0.0,0.125,0.375,0.75,-0.0,-0.0,0.75,0.75,4.0,1.25,1.5,0.125,3.75
-0.0,1.375,0.125,2.0,1.125,2.0,-0.0,0.875,1.875,1.5,0.0,1.625,0.25,0.625,-0.0,2.5,-0.0,0.875,-0.0,2.625,2.25,-0.0,2.125,2.0,0.25,-0.0,-0.0,-0.0,0.75,2.0,1.0,-0.0,-0.0,0.75,-0.0,1.25,0.5,1.25,0.375,1.75,-0.0,1.25,1.0,2.125,-0.0,-0.0,0.625,7.875,2.625,-0.0,-0.0,-0.0,1.125,0.625,0.875,0.875,0.25,-0.0,1.5,0.25,1.5,0.625,0.625,4.375
-0.0,2.375,1.125,0.625,-0.0,3.625,2.625,1.375,1.75,0.0,2.25,2.0,1.125,-0.0,4.75,1.25,-0.0,1.875,2.5,0.875,0.875,0.375,1.375,0.625,1.25,-0.0,-0.0,0.375,0.625,-0.0,-0.0,1.875,1.75,0.625,0.25,2.0,1.5,1.375,1.75,0.125,0.75,0.875,1.5,1.875,-0.0,-0.0,-0.0,-0.0,4.5,-0.0,-0.0,-0.0,1.375,1.25,0.625,2.0,1.5,1.5,0.75,0.125,1.0,0.5,-0.0,3.5
-0.0,-0.0,1.375,-0.0,1.375,2.875,3.0,0.875,-0.0,0.375,0.75,1.125,-0.0,0.625,1.375,1.0,0.875,1.875,3.0,3.875,0.5,-0.0,-0.0,-0.0,4.125,-0.0,0.75,1.25,-0.0,1.75,0.125,3.375,0.75,-0.0,-0.0,2.375,2.125,0.125,1.5,0.375,0.375,0.125,2.0,2.125,0.125,-0.0,-0.0,2.625,0.125,1.625,-0.0,-0.0,2.0,-0.0,0.375,0.875,-0.0,1.375,-0.0,0.875,-0.0,2.625,-0.0,0.625
-0.0,2.5,-0.0,2.375,-0.0,0.125,-0.0,1.125,0.375,-0.0,2.0,-0.0,0.5,3.375,-0.0,2.125,1.0,2.5,0.75,2.625,2.25,-0.0,0.125,0.25,3.5,1.375,-0.0,1.0,0.75,1.5,0.375,2.875,0.75,0.5,2.125,-0.0,2.25,2.25,3.0,0.5,3.5,-0.0,0.125,1.125,0.125,-0.0,-0.0,1.125,1.375,0.5,0.375,0.75,1.5,-0.0,-0.0,2.5,1.75,0.375,-0.0,1.75,0.125,1.375,0.375,2.25
-0.0,0.5,0.125,2.75,1.5,1.0,0.0,2.375,3.0,-0.0,0.625,1.5,1.625,-0.0,0.125,2.0,0.125,1.5,-0.0,2.625,2.75,-0.0,2.0,0.0,0.75,-0.0,-0.0,-0.0,3.0,-0.0,0.875,-0.0,0.625,0.125,2.0,2.25,-0.0,3.625,1.375,1.375,-0.0,-0.0,0.125,2.75,2.125,0.875,-0.0,5.25,0.75,-0.0,-0.0,-0.0,1.5,-0.0,0.25,-0.0,0.375,-0.0,0.875,-0.0,1.875,2.0,-0.0,2.25
-0.0,0.25,-0.0,2.5,0.25,1.375,-0.0,2.125,2.75,-0.0,-0.0,0.875,1.5,-0.0,2.375,2.25,-0.0,1.625,1.0,-0.0,0.375,-0.0,1.75,0.25,2.25,-0.0,-0.0,-0.0,2.25,0.375,-0.0,-0.0,0.625,1.375,0.5,-0.0,0.5,3.25,1.375,1.375,-0.0,-0.0,-0.0,1.5,1.375,0.375,-0.0,-0.0,0.625,0.375,-0.0,-0.0,1.5,1.75,0.75,-0.0,0.5,0.125,0.75,-0.0,0.5,1.25,-0.0,2.375
0.375,0.625,-0.0,1.25,-0.0,-0.0,0.0,2.125,1.625,0.375,1.375,1.125,-0.0,1.375,1.875,1.0,-0.0,0.875,-0.0,0.375,-0.0,-0.0,0.875,1.25,1.25,-0.0,-0.0,-0.0,1.5,1.0,0.125,-0.0,0.5,2.0,1.25,0.875,0.25,0.875,0.375,1.625,0.375,0.25,1.0,2.25,0.625,-0.0,-0.0,0.75,-0.0,0.125,-0.0,-0.0,0.875,1.0,0.625,-0.0,1.0,0.5,0.25,0.625,-0.0,0.625,1.125,1.25
1.25,0.875,-0.0,1.375,1.375,0.75,-0.0,0.875,-0.0,1.0,-0.0,1.0,-0.0,-0.0,3.375,0.375,0.5,1.125,1.0,0.625,-0.0,-0.0,0.375,2.0,0.25,0.75,1.5,1.125,0.75,1.25,0.25,0.125,0.25,2.875,-0.0,1.625,2.0,0.5,0.25,0.875,0.75,-0.0,2.125,-0.0,2.625,0.75,1.125,0.875,2.25,1.875,-0.0,-0.0,-0.0,1.75,1.25,0.5,0.625,0.5,-0.0,-0.0,0.125,1.75,0.5,0.75
2.375,-0.0,0.625,0.125,1.375,0.25,0.375,0.25,-0.0,2.25,-0.0,0.125,-0.0,0.125,1.875,-0.0,1.0,1.0,0.75,-0.0,-0.0,0.375,-0.0,-0.0,0.125,-0.0,0.875,2.625,-0.0,1.625,0.375,0.625,0.25,3.25,-0.0,0.25,0.125,0.125,0.75,0.5,2.125,0.25,0.25,0.875,0.25,1.0,0.625,-0.0,-0.0,2.125,-0.0,-0.0,-0.0,1.625,1.125,1.125,0.125,1.125,-0.0,0.375,0.25,1.375,-0.0,-0.0
0.125,0.25,0.875,0.0,0.875,-0.0,-0.0,0.125,-0.0,1.0,0.375,-0.0,-0.0,0.625,-0.0,1.25,2.75,0.125,1.375,0.25,0.5,1.75,-0.0,0.75,0.25,0.25,0.75,0.625,-0.0,-0.0,0.5,0.375,-0.0,1.125,0.25,0.875,0.75,-0.0,1.0,0.625,1.375,2.0,1.125,0.625,-0.0,0.5,0.375,5.5,0.625,2.125,-0.0,-0.0,-0.0,-0.0,0.375,0.625,-0.0,0.75,-0.0,1.375,-0.0,0.625,-0.0,-0.0
-0.0,0.625,-0.0,-0.0,0.75,-0.0,-0.0,0.0,1.25,0.25,2.25,1.625,-0.0,1.125,1.375,1.5,3.125,0.0,-0.0,3.75,2.25,-0.0,2.25,0.375,-0.0,0.625,-0.0,-0.0,0.75,-0.0,0.125,0.25,-0.0,1.5,1.25,2.5,-0.0,-0.0,0.75,2.125,0.25,2.0,1.25,0.625,-0.0,-0.0,1.0,5.875,-0.0,0.75,0.375,-0.0,0.375,-0.0,-0.0,-0.0,0.5,1.125,0.25,2.25,1.375,-0.0,0.25,2.0
0.0,1.375,-0.0,0.25,1.375,0.625,0.125,0.125,2.125,-0.0,0.875,2.0,-0.0,0.875,3.625,2.5,0.0,0.0,-0.0,1.25,0.5,-0.0,3.375,0.375,-0.0,-0.0,-0.0,0.125,0.375,1.5,0.625,-0.0,-0.0,1.5,1.125,2.75,0.75,-0.0,-0.0,1.75,-0.0,-0.0,-0.0,3.0,1.375,-0.0,0.375,3.625,2.5,0.125,-0.0,-0.0,0.75,1.0,0.5,0.125,2.625,0.625,0.75,-0.0,1.75,0.75,0.625,2.375
-0.0,0.875,0.375,1.25,-0.0,0.5,-0.0,0.625,3.75,0.375,1.25,2.25,-0.0,1.0,0.5,2.5,-0.0,-0.0,-0.0,-0.0,-0.0,-0.0,2.125,1.0,-0.0,-0.0,-0.0,-0.0,0.625,-0.0,0.875,0.75,-0.0,1.625,1.0,0.625,-0.0,0.0,0.75,0.75,0.75,0.375,0.875,1.625,0.625,0.375,1.0,1.375,-0.0,0.5,-0.0,-0.0,0.875,-0.0,0.5,-0.0,0.25,-0.0,1.25,0.625,1.5,1.375,0.5,1.25
0.25,0.375,0.0,1.0,0.75,1.375,1.0,0.375,2.25,-0.0,0.125,1.25,-0.0,-0.0,1.75,1.5,-0.0,1.375,-0.0,0.875,-0.0,-0.0,1.5,0.375,0.125,1.25,0.375,1.375,0.125,0.625,-0.0,1.125,-0.0,2.375,1.125,2.125,0.625,0.875,-0.0,0.625,-0.0,0.625,0.125,0.625,1.375,0.75,-0.0,0.375,2.25,-0.0,0.375,-0.0,0.5,1.25,1.25,0.5,0.625,1.0,1.125,2.25,1.5,-0.0,0.25,2.125
-0.0,-0.0,-0.0,2.125,-0.0,-0.0,1.625,1.5,1.625,0.375,1.875,1.125,-0.0,1.125,0.125,1.25,-0.0,1.25,0.875,0.0,0.125,-0.0,0.25,1.375,0.0,0.0,1.75,1.125,-0.0,0.375,1.125,1.375,-0.0,2.5,-0.0,-0.0,-0.0,1.125,0.625,0.125,1.375,0.625,1.375,-0.0,-0.0,1.375,1.5,2.25,3.0,0.375,1.5,-0.0,1.0,0.5,1.0,1.25,-0.0,1.375,0.125,1.125,-0.0,1.0,0.625,2.0
2.125,0.625,-0.0,2.625,0.5,1.375,-0.0,0.125,1.625,0.0,1.75,1.5,0.25,2.0,5.0,0.5,0.25,2.125,1.75,0.75,1.5,0.625,0.25,1.0,-0.0,1.375,1.375,1.375,-0.0,-0.0,-0.0,2.5,1.875,1.625,1.0,3.375,1.0,1.875,0.0,0.125,0.25,-0.0,0.25,1.25,1.5,1.25,1.125,0.0,3.125,-0.0,0.375,-0.0,1.0,-0.0,0.25,0.625,1.625,-0.0,-0.0,4.25,0.125,-0.0,0.25,3.0
2.0,0.625,-0.0,1.875,1.125,2.375,0.0,-0.0,0.0,-0.0,-0.0,1.25,1.75,-0.0,-0.0,-0.0,1.625,2.25,1.75,0.375,1.125,2.875,-0.0,-0.0,-0.0,-0.0,3.625,2.75,-0.0,1.25,0.125,2.5,1.0,-0.0,-0.0,1.625,0.75,1.75,0.375,-0.0,0.125,-0.0,0.375,-0.0,0.25,2.5,2.625,-0.0,0.875,-0.0,-0.0,-0.0,1.5,2.125,-0.0,0.5,0.5,0.375,-0.0,1.625,-0.0,0.375,-0.0,-0.0
1.125,0.875,-0.0,2.375,0.25,0.75,-0.0,0.5,0.625,0.25,-0.0,0.25,2.375,0.75,-0.0,-0.0,3.125,2.25,2.625,-0.0,1.75,3.375,-0.0,-0.0,0.375,-0.0,3.75,2.125,-0.0,-0.0,0.75,2.875,1.625,-0.0,-0.0,-0.0,1.125,2.625,1.625,-0.0,1.125,-0.0,-0.0,0.125,-0.0,3.0,3.375,-0.0,1.375,-0.0,-0.0,-0.0,1.125,-0.0,-0.0,1.125,0.125,0.75,-0.0,2.5,-0.0,0.875,-0.0,-0.0
1.5,0.625,-0.0,3.25,1.375,-0.0,1.375,0.625,0.75,-0.0,-0.0,0.75,1.25,-0.0,-0.0,-0.0,3.0,2.375,1.75,1.875,2.5,3.125,-0.0,-0.0,0.25,-0.0,3.375,2.25,-0.0,-0.0,0.75,2.75,0.125,-0.0,-0.0,2.125,-0.0,2.125,0.125,-0.0,0.125,-0.0,0.375,0.125,-0.0,3.25,3.625,-0.0,1.625,-0.0,-0.0,-0.0,1.375,0.125,-0.0,-0.0,-0.0,1.0,-0.0,2.625,-0.0,-0.0,-0.0,-0.0
0.875,-0.0,-0.0,2.375,0.75,0.0,0.25,-0.0,-0.0,-0.0,-0.0,-0.0,1.25,-0.0,-0.0,-0.0,3.125,2.5,1.125,-0.0,1.375,2.0,-0.0,-0.0,0.25,-0.0,4.125,2.625,-0.0,-0.0,0.875,2.5,-0.0,-0.0,-0.0,-0.0,-0.0,1.0,0.375,-0.0,0.625,-0.0,-0.0,-0.0,-0.0,2.375,4.375,0.5,-0.0,-0.0,-0.0,-0.0,1.625,0.5,-0.0,1.125,-0.0,1.375,-0.0,1.625,-0.0,-0.0,-0.0,-0.0
0.875,0.75,-0.0,0.75,0.5,-0.0,-0.0,0.375,-0.0,0.125,-0.0,0.75,1.25,0.0,-0.0,-0.0,2.625,2.0,1.625,0.125,1.0,3.0,-0.0,-0.0,-0.0,-0.0,4.125,1.625,-0.0,-0.0,0.625,2.375,1.125,-0.0,-0.0,-0.0,0.125,0.125,0.625,-0.0,0.625,-0.0,-0.0,-0.0,-0.0,1.75,3.5,-0.0,-0.0,-0.0,-0.0,-0.0,1.625,-0.0,-0.0,0.875,-0.0,1.125,-0.0,0.875,-0.0,-0.0,-0.0,-0.0
0.375,-0.0,-0.0,0.375,0.375,-0.0,0.5,0.125,0.625,1.625,-0.0,0.125,0.625,-0.0,0.75,0.625,2.625,1.625,1.625,1.125,0.125,2.375,-0.0,-0.0,-0.0,-0.0,4.125,2.125,-0.0,-0.0,2.25,2.125,0.75,-0.0,-0.0,-0.0,0.5,1.5,1.25,-0.0,0.875,1.0,-0.0,-0.0,-0.0,2.0,4.875,0.75,-0.0,1.0,-0.0,-0.0,1.5,-0.0,0.375,1.125,-0.0,1.0,-0.0,0.875,-0.0,0.625,-0.0,-0.0
-0.0,1.375,2.125,0.875,-0.0,-0.0,0.25,1.25,0.75,0.25,2.875,0.5,0.0,1.75,0.75,3.125,2.0,0.375,0.25,2.125,0.25,0.875,-0.0,-0.0,-0.0,-0.0,2.625,0.75,-0.0,0.5,1.625,1.375,-0.0,1.25,1.125,-0.0,-0.0,1.75,2.25,0.625,1.625,2.125,1.5,0.25,-0.0,2.25,3.5,4.625,-0.0,0.375,-0.0,-0.0,1.25,-0.0,0.125,0.875,0.875,2.375,-0.0,2.75,-0.0,-0.0,0.25,-0.0
2.0,1.375,2.5,-0.0,2.625,0.125,-0.0,0.5,-0.0,0.125,-0.0,1.0,-0.0,3.75,2.375,1.625,1.125,-0.0,1.375,0.25,-0.0,-0.0,0.5,0.5,-0.0,0.125,-0.0,1.25,1.875,4.625,-0.0,1.125,0.625,3.125,1.125,2.125,3.125,-0.0,0.875,1.125,-0.0,-0.0,2.25,5.375,2.5,-0.0,2.0,2.875,0.625,1.375,-0.0,1.5,-0.0,1.875,1.25,0.625,0.875,1.0,0.5,3.125,1.625,1.75,1.625,1.5
2.375,-0.0,1.375,-0.0,1.0,-0.0,0.25,0.75,0.25,1.875,-0.0,-0.0,-0.0,-0.0,1.25,0.25,1.375,-0.0,0.5,0.25,-0.0,-0.0,-0.0,0.375,0.25,-0.0,-0.0,1.875,0.375,-0.0,0.5,-0.0,0.25,3.375,0.5,0.0,0.5,0.25,-0.0,0.875,-0.0,1.0,-0.0,0.75,0.375,0.125,0.0,1.125,-0.0,2.375,-0.0,0.125,-0.0,1.125,1.25,-0.0,0.0,0.25,1.0,0.125,0.25,1.5,-0.0,-0.0
-0.0,0.875,1.25,1.125,1.0,-0.0,-0.0,-0.0,-0.0,0.625,2.125,0.875,-0.0,-0.0,4.75,0.75,1.5,1.25,-0.0,4.875,4.375,0.25,1.25,1.25,0.875,0.125,-0.0,1.0,-0.0,0.5,0.125,0.125,-0.0,1.375,-0.0,5.5,-0.0,-0.0,0.375,0.5,0.875,3.125,1.75,-0.0,-0.0,0.5,-0.0,7.25,-0.0,2.0,3.75,-0.0,0.375,0.875,0.875,1.5,-0.0,1.0,0.5,-0.0,-0.0,-0.0,1.0,3.0
-0.0,2.0,-0.0,3.75,1.875,2.25,-0.0,0.125,1.875,-0.0,1.875,1.25,2.0,0.5,-0.0,0.375,-0.0,3.0,1.625,4.5,4.125,1.0,2.0,0.875,-0.0,-0.0,4.125,1.5,-0.0,1.875,-0.0,-0.0,0.375,0.375,-0.0,1.625,0.25,2.125,1.625,-0.0,1.125,1.5,2.125,1.625,-0.0,2.5,-0.0,0.75,4.875,-0.0,3.625,-0.0,2.875,1.375,-0.0,2.75,1.5,0.75,-0.0,-0.0,1.25,-0.0,0.125,4.125
-0.0,2.875,-0.0,2.875,2.875,2.75,-0.0,1.0,2.0,-0.0,-0.0,0.75,3.5,2.0,0.125,-0.0,1.625,2.375,4.25,2.75,2.25,1.0,1.375,-0.0,-0.0,-0.0,4.125,4.0,1.25,2.25,1.875,2.125,2.5,-0.0,0.625,1.875,3.125,3.125,1.875,-0.0,-0.0,-0.0,-0.0,2.625,1.25,2.625,-0.0,-0.0,4.375,-0.0,-0.0,-0.0,0.5,-0.0,0.125,-0.0,3.0,-0.0,-0.0,3.75,0.75,3.375,1.25,3.25
-0.0,0.5,0.75,2.625,-0.0,0.875,-0.0,2.5,1.375,1.125,1.5,-0.0,1.375,1.75,-0.0,-0.0,2.125,1.125,1.0,1.5,2.5,1.375,-0.0,-0.0,3.375,-0.0,3.25,4.875,1.5,-0.0,0.5,1.875,-0.0,-0.0,-0.0,1.625,-0.0,3.125,2.5,-0.0,3.0,0.0,1.125,1.0,-0.0,3.25,-0.0,-0.0,0.25,1.5,-0.0,-0.0,0.875,-0.0,0.0,1.5,-0.0,1.0,-0.0,2.625,-0.0,0.125,-0.0,0.875
-0.0,1.625,-0.0,2.0,1.25,1.375,0.625,2.125,0.25,1.875,0.25,0.5,1.0,2.5,1.0,-0.0,3.625,1.625,2.625,2.0,-0.0,0.75,-0.0,-0.0,1.75,3.0,1.625,0.5,1.25,0.375,3.0,1.875,1.0,0.375,1.125,2.125,2.125,0.875,1.75,-0.0,-0.0,-0.0,-0.0,1.625,1.125,0.625,1.375,-0.0,5.5,0.625,-0.0,-0.0,0.375,-0.0,1.0,0.25,1.25,-0.0,-0.0,1.625,0.0,3.0,1.0,-0.0
-0.0,3.875,1.75,1.375,-0.0,0.125,1.125,0.5,-0.0,-0.0,3.0,1.0,-0.0,0.5,0.625,2.125,2.375,-0.0,1.75,8.5,2.625,0.5,0.875,0.375,-0.0,-0.0,0.875,0.875,-0.0,1.125,2.875,1.0,-0.0,1.75,-0.0,5.0,0.625,0.75,-0.0,0.375,1.0,1.75,2.875,0.875,-0.0,1.125,2.0,10.375,4.125,0.375,1.25,0.375,-0.0,0.25,1.375,1.25,1.375,0.875,-0.0,3.5,0.5,2.625,1.75,3.25
1.625,0.875,0.0,2.0,2.5,2.25,-0.0,1.0,2.25,-0.0,1.375,0.75,0.625,3.625,0.875,1.5,0.5,0.25,1.875,1.5,4.25,1.0,-0.0,0.25,-0.0,1.625,0.125,1.25,1.5,5.25,-0.0,-0.0,1.625,1.125,3.25,0.0,1.25,2.125,4.375,0.625,3.5,-0.0,1.25,5.25,1.375,0.375,1.75,-0.0,3.5,1.25,-0.0,0.0,0.25,-0.0,-0.0,3.0,0.75,-0.0,0.625,-0.0,1.0,2.0,-0.0,1.125
2.375,0.625,-0.0,0.625,2.375,-0.0,-0.0,0.75,1.0,0.25,-0.0,-0.0,0.5,2.75,7.125,1.25,2.5,-0.0,0.625,-0.0,0.625,0.625,1.125,-0.0,-0.0,2.25,-0.0,2.5,2.25,3.625,0.25,-0.0,1.125,-0.0,3.75,0.75,2.25,-0.0,-0.0,0.75,-0.0,-0.0,-0.0,6.625,3.625,-0.0,1.625,0.125,-0.0,0.375,-0.0,-0.0,-0.0,3.625,0.375,-0.0,1.75,0.625,2.625,0.125,1.0,1.375,1.125,-0.0
2.25,-0.0,-0.0,-0.0,-0.0,-0.0,-0.0,-0.0,-0.0,0.5,-0.0,-0.0,-0.0,-0.0,0.25,0.625,3.0,-0.0,-0.0,0.375,-0.0,1.125,0.875,-0.0,-0.0,-0.0,-0.0,1.75,0.625,-0.0,0.625,-0.0,-0.0,0.375,-0.0,0.125,-0.0,-0.0,-0.0,-0.0,-0.0,-0.0,-0.0,0.75,-0.0,0.625,2.25,2.125,-0.0,1.375,-0.0,-0.0,-0.0,2.375,0.75,-0.0,-0.0,0.75,2.75,-0.0,-0.0,-0.0,-0.0,-0.0
1.75,-0.0,-0.0,-0.0,-0.0,-0.0,-0.0,-0.0,-0.0,-0.0,-0.0,-0.0,-0.0,-0.0,0.125,0.5,2.75,-0.0,-0.0,-0.0,-0.0,1.625,0.875,-0.0,-0.0,-0.0,-0.0,1.5,0.375,-0.0,0.75,-0.0,-0.0,0.75,-0.0,-0.0,-0.0,-0.0,-0.0,-0.0,-0.0,0.125,-0.0,0.375,-0.0,0.25,2.5,1.5,-0.0,0.75,-0.0,-0.0,-0.0,0.75,0.25,-0.0,-0.0,0.25,2.625,-0.0,-0.0,-0.0,-0.0,-0.0
1.375,-0.0,0.125,-0.0,0.125,-0.0,-0.0,-0.0,-0.0,-0.0,-0.0,-0.0,-0.0,-0.0,0.625,0.5,2.125,-0.0,-0.0,-0.0,-0.0,1.0,0.75,-0.0,-0.0,-0.0,-0.0,1.75,0.375,-0.0,0.75,-0.0,-0.0,0.75,-0.0,-0.0,-0.0,-0.0,-0.0,-0.0,-0.0,0.375,-0.0,0.5,-0.0,0.375,2.5,1.25,-0.0,0.875,-0.0,-0.0,-0.0,1.0,0.5,-0.0,-0.0,0.375,2.625,-0.0,-0.0,-0.0,-0.0,-0.0
1.0,0.375,-0.0,-0.0,0.375,-0.0,-0.0,-0.0,-0.0,-0.0,0.125,-0.0,-0.0,-0.0,1.0,1.25,2.375,-0.0,0.0,0.75,-0.0,1.125,1.0,-0.0,-0.0,-0.0,-0.0,1.5,0.5,0.125,0.75,-0.0,-0.0,1.0,-0.0,1.875,-0.0,-0.0,-0.0,-0.0,0.25,0.625,-0.0,0.75,-0.0,0.375,2.25,2.625,-0.0,0.5,-0.0,-0.0,-0.0,1.125,0.25,-0.0,-0.0,0.875,2.125,0.125,-0.0,-0.0,-0.0,0.5
0.25,-0.0,1.625,-0.0,1.5,-0.0,-0.0,-0.0,-0.0,1.125,1.75,1.25,-0.0,-0.0,1.75,1.125,2.0,-0.0,-0.0,2.125,1.75,1.375,0.375,0.5,-0.0,-0.0,-0.0,2.0,-0.0,1.75,2.125,-0.0,-0.0,0.375,-0.0,0.5,1.375,-0.0,-0.0,-0.0,0.125,2.75,3.25,1.25,-0.0,0.5,2.375,8.0,1.25,0.875,-0.0,-0.0,-0.0,0.625,1.0,-0.0,-0.0,-0.0,1.875,-0.0,0.125,0.625,0.0,0.5
-0.0,4.0,2.25,1.75,3.25,2.5,0.5,-0.0,0.75,-0.0,3.0,0.125,0.375,-0.0,0.125,0.125,-0.0,-0.0,1.5,8.875,4.375,2.0,1.5,-0.0,-0.0,-0.0,1.0,1.625,0.125,5.75,0.0,0.5,-0.0,0.125,-0.0,4.875,0.75,0.875,1.875,-0.0,2.0,3.125,2.125,-0.0,-0.0,0.875,-0.0,7.625,4.75,-0.0,0.75,-0.0,2.125,1.125,-0.0,3.125,0.25,0.125,1.25,-0.0,1.0,1.875,1.875,3.375
0.75,1.125,1.875,2.0,1.875,2.5,-0.0,2.25,1.75,-0.0,3.0,0.375,1.125,3.375,1.625,0.25,0.375,0.25,0.625,-0.0,0.5,-0.0,0.625,0.375,1.5,2.0,1.125,-0.0,1.75,0.375,-0.0,0.875,1.5,2.125,1.5,1.125,0.5,1.0,3.375,0.375,2.75,-0.0,0.375,2.375,2.125,0.5,-0.0,-0.0,0.75,0.5,-0.0,0.5,1.5,0.25,0.375,-0.0,0.375,0.25,-0.0,0.25,0.875,0.625,1.625,1.625
1.25,-0.0,1.375,0.125,0.875,-0.0,-0.0,0.75,0.125,2.375,-0.0,2.125,-0.0,-0.0,1.125,0.625,1.25,0.0,-0.0,1.5,-0.0,-0.0,0.125,2.0,-0.0,-0.0,-0.0,0.625,-0.0,0.25,0.875,0.25,-0.0,3.5,0.75,0.125,0.125,0.0,-0.0,1.5,-0.0,0.875,-0.0,0.75,0.625,0.75,0.125,1.25,-0.0,1.875,-0.0,-0.0,-0.0,1.0,1.25,-0.0,-0.0,0.375,0.75,-0.0,0.625,1.25,-0.0,-0.0
0.75,1.25,0.125,0.0,0.875,-0.0,-0.0,-0.0,-0.0,0.5,1.625,1.0,-0.0,1.0,1.0,2.25,1.625,0.25,1.0,3.5,1.875,1.125,0.125,1.5,-0.0,1.75,0.125,0.875,0.625,2.25,1.25,0.875,-0.0,1.25,0.125,3.75,-0.0,0.0,2.25,0.375,2.875,1.25,1.625,3.625,-0.0,0.5,1.375,2.375,6.125,1.0,-0.0,-0.0,-0.0,-0.0,0.625,0.875,-0.0,0.625,1.0,3.25,0.125,-0.0,0.25,-0.0
1.5,0.5,1.25,1.0,1.375,-0.0,-0.0,-0.0,1.0,-0.0,2.25,2.875,-0.0,2.5,8.875,2.875,2.875,-0.0,3.125,1.125,3.375,0.375,2.125,-0.0,-0.0,0.0,-0.0,-0.0,3.25,1.375,0.75,3.125,0.625,0.625,2.125,1.0,0.25,-0.0,2.0,1.875,0.375,-0.0,0.75,5.75,1.75,-0.0,5.625,7.125,-0.0,-0.0,-0.0,-0.0,-0.0,1.0,-0.0,0.125,0.875,2.25,1.875,5.875,2.875,-0.0,-0.0,1.625
2.0,1.75,-0.0,1.875,1.625,-0.0,0.75,-0.0,-0.0,0.875,-0.0,0.75,-0.0,1.75,2.125,1.625,3.875,-0.0,0.125,-0.0,1.375,1.125,2.0,-0.0,-0.0,0.125,-0.0,0.625,3.375,0.125,1.875,2.625,0.625,-0.0,2.125,-0.0,2.375,-0.0,0.375,0.125,-0.0,-0.0,-0.0,1.0,1.5,-0.0,6.125,2.625,2.625,-0.0,-0.0,-0.0,-0.0,0.75,-0.0,-0.0,0.125,1.5,4.25,0.875,1.75,1.25,-0.0,0.875
0.875,1.25,1.75,1.75,0.5,-0.0,-0.0,-0.0,0.25,1.375,1.25,1.375,-0.0,-0.0,5.375,2.5,3.875,-0.0,-0.0,4.125,1.25,-0.0,4.125,-0.0,-0.0,-0.0,-0.0,3.75,1.375,0.5,0.875,1.5,-0.0,-0.0,0.75,2.0,-0.0,-0.0,-0.0,1.5,2.375,0.125,1.25,3.375,0.5,0.125,4.75,7.25,3.5,-0.0,-0.0,-0.0,-0.0,4.25,0.125,1.375,-0.0,4.75,5.125,0.625,2.0,-0.0,-0.0,3.125
-0.0,3.0,0.625,1.5,3.25,-0.0,0.625,-0.0,-0.0,2.5,0.875,2.875,-0.0,2.875,-0.0,1.125,1.75,-0.0,0.25,3.125,1.875,1.625,1.375,1.875,-0.0,0.125,-0.0,0.875,-0.0,2.125,3.25,1.125,-0.0,0.125,-0.0,-0.0,3.75,-0.0,0.625,-0.0,0.75,1.375,5.5,-0.0,-0.0,1.25,3.5,5.75,3.0,0.75,-0.0,-0.0,-0.0,2.625,1.0,0.875,0.0,2.875,3.25,-0.0,1.125,3.125,1.125,0.75
-0.0,5.125,3.375,-0.0,1.25,4.0,0.125,-0.0,-0.0,-0.0,5.5,0.25,0.375,2.375,0.75,-0.0,-0.0,-0.0,2.5,5.75,3.125,0.375,1.375,-0.0,-0.0,0.625,-0.0,0.875,-0.0,1.625,-0.0,0.875,0.5,0.0,0.5,6.75,4.0,-0.0,-0.0,0.5,0.75,1.125,1.625,1.625,2.5,1.0,0.375,3.375,7.25,-0.0,-0.0,0.875,-0.0,1.25,-0.0,-0.0,2.25,0.5,0.5,1.25,0.0,0.625,2.375,1.375
0.5,-0.0,-0.0,0.5,3.25,1.0,-0.0,-0.0,-0.0,2.0,2.0,0.5,-0.0,-0.0,2.625,0.25,1.25,0.125,2.875,0.875,3.375,2.0,-0.0,-0.0,1.25,0.25,1.125,3.375,0.125,0.75,0.625,2.125,0.25,0.5,-0.0,0.125,-0.0,-0.0,1.75,-0.0,5.0,1.625,3.75,-0.0,-0.0,0.875,0.25,3.25,-0.0,2.25,-0.0,-0.0,0.5,1.375,0.75,2.625,-0.0,0.875,-0.0,3.125,-0.0,3.875,-0.0,-0.0
0.875,3.625,-0.0,0.75,2.625,-0.0,-0.0,0.25,0.5,-0.0,2.125,1.375,1.5,5.5,1.125,-0.0,1.25,-0.0,0.5,0.5,3.25,1.625,0.875,-0.0,-0.0,1.75,-0.0,-0.0,1.375,-0.0,0.125,0.5,0.875,-0.0,2.375,0.75,2.125,1.25,3.25,0.125,2.75,-0.0,-0.0,2.5,4.0,1.125,-0.0,-0.0,-0.0,-0.0,-0.0,-0.0,-0.0,-0.0,-0.0,0.5,1.625,1.25,1.125,0.125,1.375,1.75,1.875,0.125
1.0,-0.0,-0.0,0.375,0.75,-0.0,-0.0,-0.0,0.25,0.375,0.25,2.125,-0.0,-0.0,-0.0,0.375,1.25,-0.0,-0.0,0.625,-0.0,-0.0,1.0,-0.0,-0.0,0.0,-0.0,0.75,1.25,1.0,1.25,-0.0,-0.0,0.875,-0.0,0.375,-0.0,0.5,-0.0,-0.0,-0.0,-0.0,-0.0,-0.0,1.375,2.5,0.5,0.25,0.375,1.625,-0.0,-0.0,-0.0,1.25,1.25,-0.0,-0.0,-0.0,2.125,-0.0,-0.0,0.375,0.375,-0.0
0.75,-0.0,0.375,-0.0,0.625,-0.0,-0.0,-0.0,-0.0,-0.0,-0.0,2.5,-0.0,-0.0,0.375,0.25,1.0,-0.0,-0.0,-0.0,-0.0,-0.0,1.0,-0.0,-0.0,-0.0,-0.0,0.25,0.0,-0.0,0.75,-0.0,-0.0,1.125,-0.0,0.0,-0.0,-0.0,-0.0,-0.0,-0.0,0.125,-0.0,-0.0,-0.0,1.875,0.5,-0.0,-0.0,0.625,-0.0,-0.0,-0.0,0.375,0.375,-0.0,-0.0,-0.0,2.125,-0.0,-0.0,-0.0,-0.0,0.0
0.75,-0.0,0.625,-0.0,0.5,-0.0,-0.0,-0.0,-0.0,-0.0,0.375,2.625,-0.0,-0.0,1.5,0.25,0.875,-0.0,-0.0,0.5,-0.0,-0.0,0.625,-0.0,-0.0,-0.0,-0.0,0.5,-0.0,-0.0,0.375,-0.0,-0.0,1.375,-0.0,0.375,-0.0,-0.0,-0.0,0.25,-0.0,0.125,-0.0,0.75,-0.0,1.875,0.625,2.0,-0.0,0.625,-0.0,-0.0,-0.0,0.625,0.375,-0.0,-0.0,0.25,2.25,-0.0,-0.0,-0.0,-0.0,0.375
0.875,0.375,0.625,1.625,0.625,-0.0,-0.0,-0.0,-0.0,1.125,-0.0,3.0,-0.0,-0.0,2.625,1.0,2.75,-0.0,0.25,0.375,0.0,-0.0,0.75,-0.0,-0.0,0.125,0.125,1.75,-0.0,0.375,1.625,1.125,-0.0,1.0,-0.0,1.75,2.125,1.25,0.25,0.75,0.125,0.375,0.125,-0.0,0.125,1.375,1.0,0.0,3.0,1.25,-0.0,-0.0,-0.0,0.875,0.375,0.125,-0.0,0.625,2.25,1.0,-0.0,-0.0,0.125,1.375
-0.0,3.875,2.5,0.625,2.125,-0.0,-0.0,-0.0,-0.0,-0.0,4.875,3.375,-0.0,1.875,1.875,1.0,1.625,-0.0,-0.0,7.125,1.125,-0.0,1.5,-0.0,-0.0,-0.0,-0.0,0.5,-0.0,2.125,1.75,0.625,-0.0,0.375,-0.0,5.625,-0.0,0.875,0.5,1.5,0.5,2.125,3.625,2.625,-0.0,1.5,1.0,8.0,0.75,1.375,-0.0,-0.0,-0.0,0.25,0.25,-0.0,1.375,1.75,1.5,-0.0,0.125,0.875,2.0,0.125
-0.0,4.875,0.875,-0.0,4.375,2.375,0.0,-0.0,-0.0,1.75,-0.0,-0.0,0.125,0.5,1.5,0.0,1.125,-0.0,1.25,3.875,-0.0,0.875,0.875,-0.0,-0.0,0.25,1.125,3.875,-0.0,3.125,1.75,1.125,-0.0,-0.0,-0.0,-0.0,4.75,-0.0,-0.0,-0.0,-0.0,0.375,2.75,-0.0,2.375,1.25,0.375,-0.0,7.25,2.375,-0.0,0.375,0.625,2.0,1.625,2.0,1.875,0.125,1.25,1.125,0.125,3.75,1.75,0.125
-0.0,1.875,1.75,-0.0,1.25,0.125,-0.0,1.625,-0.0,0.875,4.875,-0.0,0.125,4.0,-0.0,0.125,0.75,-0.0,-0.0,1.5,2.75,1.375,0.875,0.25,-0.0,0.75,0.25,-0.0,-0.0,-0.0,-0.0,0.75,0.25,1.625,1.0,0.375,0.875,-0.0,2.375,0.5,5.5,2.5,3.0,1.875,-0.0,1.625,1.0,2.0,-0.0,1.125,0.5,-0.0,-0.0,-0.0,-0.0,1.125,1.125,1.75,-0.0,-0.0,0.375,-0.0,1.625,-0.0
0.5,0.25,0.875,1.375,0.75,1.5,-0.0,1.625,3.0,0.75,0.125,1.375,-0.0,0.125,1.0,1.75,0.375,0.25,-0.0,1.25,3.75,-0.0,1.125,1.5,-0.0,-0.0,-0.0,-0.0,1.25,0.125,0.875,-0.0,-0.0,2.5,0.625,1.625,0.125,1.75,1.375,1.625,0.875,0.375,-0.0,1.125,1.0,-0.0,-0.0,2.625,0.125,0.375,0.875,-0.0,0.75,-0.0,0.75,0.75,-0.0,-0.0,0.5,-0.0,1.0,0.0,0.375,2.0
-0.0,-0.0,0.25,1.5,0.25,1.875,-0.0,1.0,2.375,0.5,0.25,0.875,-0.0,-0.0,1.5,1.5,-0.0,0.125,-0.0,1.0,3.625,-0.0,1.5,0.625,-0.0,-0.0,-0.0,0.625,1.0,1.25,0.375,-0.0,-0.0,1.0,-0.0,2.375,0.25,1.5,0.5,0.75,0.875,1.625,1.375,1.0,0.125,-0.0,-0.0,4.625,2.875,0.0,1.75,-0.0,0.875,1.0,0.875,2.375,-0.0,-0.0,0.375,-0.0,1.25,-0.0,-0.0,3.5
-0.0,1.5,0.125,2.875,-0.0,2.25,-0.0,0.5,2.125,0.0,0.625,1.25,1.875,1.75,1.0,2.625,1.25,0.5,2.25,1.5,5.625,0.5,1.0,-0.0,-0.0,0.125,0.375,-0.0,1.0,1.125,-0.0,2.75,-0.0,-0.0,1.5,3.25,0.375,2.375,3.0,-0.0,3.5,0.625,0.375,4.125,-0.0,-0.0,-0.0,1.0,3.375,0.625,-0.0,-0.0,1.625,-0.0,-0.0,2.25,-0.0,-0.0,-0.0,4.375,0.875,0.375,-0.0,4.5
-0.0,-0.0,0.875,1.375,1.625,0.125,-0.0,-0.0,1.875,1.375,0.5,4.0,-0.0,1.625,3.0,2.375,-0.0,-0.0,1.0,1.25,3.25,-0.0,1.25,0.5,-0.0,0.75,-0.0,-0.0,1.5,1.875,1.375,1.5,-0.0,-0.0,1.75,2.5,1.5,0.5,2.25,0.875,-0.0,-0.0,1.0,3.125,2.75,-0.0,-0.0,5.375,-0.0,-0.0,-0.0,-0.0,1.0,-0.0,0.375,0.125,0.5,-0.0,0.0,1.25,3.0,0.875,-0.0,1.0
-0.0,2.125,2.125,1.375,0.75,1.75,-0.0,-0.0,0.125,0.75,0.5,2.625,0.125,1.125,1.375,4.5,-0.0,-0.0,1.0,3.75,2.5,-0.0,2.625,-0.0,-0.0,1.0,-0.0,-0.0,1.75,-0.0,-0.0,1.25,-0.0,-0.0,1.0,2.875,0.875,0.625,2.0,1.625,0.5,-0.0,-0.0,3.5,3.0,0.25,-0.0,4.125,3.375,-0.0,-0.0,-0.0,-0.0,-0.0,-0.0,-0.0,-0.0,-0.0,2.5,3.75,2.625,0.375,-0.0,1.125
-0.0,-0.0,2.25,-0.0,2.25,0.75,-0.0,-0.0,0.375,2.875,2.875,4.625,-0.0,-0.0,2.875,2.0,0.5,-0.0,-0.0,1.5,2.0,-0.0,2.75,0.75,-0.0,-0.0,-0.0,-0.0,2.0,-0.0,1.75,-0.0,-0.0,-0.0,0.5,3.375,2.0,-0.0,-0.0,1.5,0.125,-0.0,5.25,1.375,1.5,-0.0,0.125,7.0,-0.0,0.0,-0.0,-0.0,0.75,0.875,0.5,-0.0,-0.0,-0.0,1.875,1.75,3.375,-0.0,-0.0,3.0
0.125,6.875,1.0,-0.0,2.75,3.625,-0.0,-0.0,-0.0,-0.0,4.125,0.0,0.375,3.375,2.0,1.5,0.25,-0.0,2.25,4.25,2.25,-0.0,1.75,-0.0,-0.0,2.375,-0.0,-0.0,0.75,-0.0,-0.0,-0.0,1.0,-0.0,2.125,0.75,3.75,-0.0,0.0,0.625,1.625,-0.0,-0.0,0.5,4.75,0.625,-0.0,-0.0,3.75,-0.0,-0.0,-0.0,-0.0,0.125,-0.0,-0.0,2.25,0.25,0.875,-0.0,1.125,1.875,1.625,1.5
0.375,-0.0,2.125,-0.0,2.0,-0.0,-0.0,-0.0,-0.0,2.375,0.75,-0.0,-0.0,-0.0,0.25,1.375,1.375,-0.0,-0.0,1.875,1.375,1.5,0.125,-0.0,-0.0,0.25,-0.0,3.125,0.25,0.25,2.25,0.25,-0.0,-0.0,-0.0,-0.0,1.25,-0.0,0.125,-0.0,2.75,3.0,2.875,-0.0,2.125,1.0,1.75,2.625,-0.0,2.25,-0.0,-0.0,-0.0,1.875,1.25,0.125,-0.0,0.375,1.5,-0.0,0.75,1.75,-0.0,-0.0
-0.0,2.875,1.875,-0.0,1.875,-0.0,-0.0,-0.0,1.0,-0.0,4.625,3.625,-0.0,3.5,3.75,2.875,2.5,-0.0,0.125,0.5,5.125,1.125,2.875,-0.0,-0.0,0.125,-0.0,-0.0,2.625,-0.0,0.75,0.125,-0.0,-0.0,2.125,-0.0,1.75,-0.0,2.375,2.0,3.125,2.125,-0.0,2.375,1.625,1.0,2.375,7.625,-0.0,-0.0,-0.0,-0.0,-0.0,-0.0,-0.0,-0.0,1.625,-0.0,0.875,1.375,3.375,-0.0,0.5,2.25
0.5,1.0,1.875,2.125,1.75,-0.0,-0.0,-0.0,2.625,-0.0,-0.0,3.75,-0.0,-0.0,2.625,3.875,1.75,-0.0,-0.0,1.875,5.25,-0.0,4.5,-0.0,-0.0,-0.0,-0.0,-0.0,4.0,0.125,1.375,0.125,-0.0,-0.0,0.5,-0.0,-0.0,-0.0,-0.0,1.5,-0.0,-0.0,-0.0,1.375,1.5,-0.0,2.25,3.25,-0.0,0.25,-0.0,-0.0,-0.0,0.625,-0.0,-0.0,-0.0,0.375,2.0,-0.0,3.875,-0.0,-0.0,3.875
-0.0,0.5,1.25,2.25,0.5,0.75,-0.0,-0.0,3.0,-0.0,-0.0,3.25,-0.0,-0.0,0.25,3.75,0.5,-0.0,-0.0,-0.0,5.5,-0.0,4.125,-0.0,-0.0,-0.0,-0.0,-0.0,3.75,-0.0,0.75,-0.0,-0.0,-0.0,-0.0,-0.0,-0.0,-0.0,0.375,1.5,-0.0,-0.0,-0.0,-0.0,-0.0,-0.0,1.875,1.75,-0.0,-0.0,-0.0,-0.0,-0.0,0.125,-0.0,-0.0,-0.0,-0.0,2.125,-0.0,3.375,-0.0,-0.0,4.125
-0.0,0.625,1.25,2.625,0.125,1.5,-0.0,-0.0,3.25,-0.0,0.0,3.25,-0.0,0.125,0.875,4.5,-0.0,-0.0,-0.0,-0.0,5.5,-0.0,4.0,-0.0,-0.0,-0.0,-0.0,-0.0,3.5,-0.0,0.625,-0.0,-0.0,-0.0,-0.0,-0.0,-0.0,-0.0,0.25,1.625,-0.0,-0.0,-0.0,0.625,-0.0,-0.0,1.75,1.75,-0.0,-0.0,-0.0,-0.0,-0.0,0.125,-0.0,-0.0,-0.0,-0.0,1.75,-0.0,3.625,-0.0,-0.0,4.25
-0.0,0.375,0.875,2.875,0.0,1.75,-0.0,-0.0,3.375,-0.0,-0.0,2.625,0.5,-0.0,-0.0,4.375,0.125,-0.0,-0.0,-0.0,6.0,-0.0,3.875,-0.0,-0.0,-0.0,-0.0,-0.0,3.25,-0.0,1.5,-0.0,-0.0,-0.0,-0.0,0.375,0.75,1.125,0.875,1.5,-0.0,-0.0,-0.0,0.625,0.0,-0.0,1.625,4.875,-0.0,-0.0,-0.0,-0.0,0.375,0.5,-0.0,-0.0,0.125,-0.0,3.125,-0.0,3.625,-0.0,-0.0,5.0
-0.0,6.0,2.125,2.375,2.0,4.375,-0.0,0.5,3.75,-0.0,3.125,3.125,2.75,3.25,1.625,3.125,-0.0,-0.0,1.125,4.5,4.25,-0.0,3.375,-0.0,-0.0,-0.0,-0.0,-0.0,2.125,-0.0,-0.0,-0.0,0.875,-0.0,2.125,3.125,1.875,0.75,1.5,1.25,1.125,-0.0,3.875,1.0,-0.0,-0.0,0.75,6.5,4.75,-0.0,-0.0,-0.0,2.625,1.125,-0.0,-0.0,2.25,0.375,2.0,-0.0,3.5,-0.0,0.375,3.625
-0.0,0.0,0.25,-0.0,2.625,1.75,-0.0,-0.0,1.25,1.625,-0.0,2.0,0.625,1.375,3.0,2.375,1.125,-0.0,1.125,-0.0,2.0,-0.0,1.625,-0.0,-0.0,0.75,-0.0,2.25,2.625,0.375,2.25,-0.0,0.375,-0.0,2.125,-0.0,4.5,-0.0,-0.0,-0.0,-0.0,-0.0,1.0,4.375,4.5,-0.0,0.125,6.125,0.125,2.25,-0.0,-0.0,-0.0,2.25,2.375,-0.0,1.875,-0.0,1.75,0.375,3.125,2.75,-0.0,0.25
-0.0,4.0,2.875,1.125,-0.0,3.75,-0.0,0.375,1.25,-0.0,6.125,0.625,2.625,3.875,-0.0,1.25,-0.0,-0.0,-0.0,4.25,7.625,-0.0,2.625,-0.0,-0.0,0.125,-0.0,-0.0,0.625,-0.0,-0.0,-0.0,-0.0,0.5,-0.0,4.875,2.375,-0.0,0.875,0.875,3.625,2.125,3.75,0.125,-0.0,-0.0,0.875,6.625,4.25,-0.0,-0.0,-0.0,0.75,0.5,-0.0,-0.0,1.625,1.25,0.25,0.75,0.75,-0.0,1.5,4.125
1.125,0.625,-0.0,0.5,0.875,2.0,0.125,1.125,0.5,1.0,-0.0,0.5,-0.0,0.5,0.375,-0.0,0.375,1.0,0.625,0.625,1.5,0.5,-0.0,1.0,0.25,-0.0,1.625,1.5,-0.0,1.625,-0.0,1.5,0.125,2.875,-0.0,0.25,-0.0,0.625,1.0,-0.0,1.25,0.0,0.125,-0.0,-0.0,0.125,-0.0,-0.0,1.625,0.625,1.375,-0.0,1.125,1.0,1.0,1.375,-0.0,0.875,-0.0,0.5,-0.0,0.625,0.125,0.625
0.25,-0.0,-0.0,-0.0,-0.0,1.0,-0.0,1.125,0.25,0.75,-0.0,0.125,0.0,0.125,-0.0,-0.0,0.375,0.75,0.75,-0.0,-0.0,0.875,-0.0,0.25,0.0,-0.0,1.5,0.375,-0.0,-0.0,-0.0,1.375,0.375,1.125,-0.0,-0.0,0.375,1.0,0.75,-0.0,0.375,-0.0,0.125,0.125,-0.0,0.125,-0.0,-0.0,0.75,-0.0,-0.0,-0.0,0.875,-0.0,0.625,1.0,-0.0,0.375,-0.0,1.375,-0.0,0.125,0.25,-0.0
0.375,-0.0,-0.0,2.0,0.375,1.0,-0.0,0.75,1.5,0.5,0.125,-0.0,-0.0,-0.0,2.125,-0.0,0.0,0.75,-0.0,1.0,4.0,1.0,-0.0,0.5,-0.0,-0.0,2.0,1.125,-0.0,-0.0,-0.0,1.875,-0.0,0.375,-0.0,0.75,-0.0,2.875,1.0,-0.0,1.875,1.0,0.625,0.125,-0.0,0.0,-0.0,2.375,0.625,0.0,1.125,-0.0,0.25,0.875,0.5,2.5,-0.0,0.5,-0.0,-0.0,0.625,0.25,-0.0,2.0
-0.0,0.375,-0.0,3.125,0.5,2.0,-0.0,2.25,4.875,-0.0,0.125,-0.0,2.125,0.875,0.25,-0.0,-0.0,0.875,0.5,1.375,6.0,2.25,0.5,-0.0,-0.0,-0.0,3.75,0.625,1.125,-0.0,-0.0,3.375,0.125,-0.0,0.125,0.625,-0.0,4.25,3.375,-0.0,1.625,0.375,-0.0,1.625,-0.0,0.5,-0.0,-0.0,0.625,-0.0,0.875,-0.0,1.75,-0.0,-0.0,3.25,0.25,1.0,-0.0,-0.0,1.75,-0.0,-0.0,3.125
-0.0,0.0,-0.0,3.5,0.375,2.25,-0.0,2.875,5.5,-0.0,-0.0,0.25,1.75,0.25,-0.0,-0.0,-0.0,0.75,0.125,-0.0,4.375,0.875,0.75,-0.0,-0.0,-0.0,4.0,-0.0,2.125,-0.0,-0.0,3.0,0.625,-0.0,0.25,0.375,-0.0,4.5,1.875,-0.0,0.75,-0.0,-0.0,0.625,-0.0,0.625,-0.0,-0.0,-0.0,-0.0,-0.0,-0.0,2.375,-0.0,-0.0,2.0,-0.0,-0.0,-0.0,-0.0,2.625,-0.0,-0.0,2.5
-0.0,-0.0,-0.0,2.25,0.75,3.25,-0.0,2.125,4.375,-0.0,1.5,0.875,2.25,-0.0,-0.0,-0.0,-0.0,1.25,0.875,-0.0,3.875,1.0,1.25,-0.0,-0.0,-0.0,3.75,-0.0,1.625,-0.0,-0.0,2.0,1.375,-0.0,0.625,1.625,-0.0,2.75,1.75,-0.0,0.375,-0.0,1.875,1.0,-0.0,0.875,-0.0,-0.0,1.75,-0.0,-0.0,-0.0,3.25,-0.0,-0.0,1.5,0.375,-0.0,-0.0,-0.0,2.75,-0.0,-0.0,2.625
-0.0,3.625,-0.0,2.25,0.875,3.625,-0.0,1.875,3.625,-0.0,1.0,1.25,2.75,2.375,-0.0,1.125,-0.0,0.75,1.5,-0.0,2.5,-0.0,0.875,-0.0,-0.0,0.25,2.875,-0.0,2.375,0.875,0.375,0.25,2.25,-0.0,3.25,-0.0,2.875,4.0,3.25,-0.0,2.25,-0.0,-0.0,4.375,3.625,0.875,-0.0,-0.0,1.0,-0.0,-0.0,-0.0,2.25,-0.0,-0.0,1.125,1.375,-0.0,-0.0,-0.0,2.5,2.0,-0.0,-0.0
-0.0,-0.0,2.125,3.0,0.875,0.5,0.25,1.125,2.75,0.625,0.125,2.25,0.375,-0.0,1.5,2.5,-0.0,-0.0,-0.0,2.25,4.875,-0.0,1.5,-0.0,-0.0,-0.0,0.375,0.75,1.75,-0.0,1.875,-0.0,-0.0,-0.0,0.125,4.5,1.375,3.625,-0.0,-0.0,-0.0,2.75,2.125,2.0,2.75,1.0,-0.0,7.375,0.75,0.0,-0.0,-0.0,1.375,1.5,1.75,-0.0,-0.0,-0.0,1.125,-0.0,2.375,1.75,-0.0,2.625
-0.0,3.625,0.375,2.5,1.375,4.125,-0.0,-0.0,2.5,-0.0,2.625,1.125,2.125,1.375,-0.0,-0.0,-0.0,1.25,2.25,4.125,7.25,1.75,2.125,-0.0,-0.0,-0.0,3.75,0.375,-0.0,-0.0,-0.0,1.875,-0.0,-0.0,-0.0,2.5,0.375,2.5,2.125,-0.0,2.875,2.0,-0.0,-0.0,-0.0,1.375,-0.0,0.0,4.625,-0.0,1.0,-0.0,3.0,0.375,-0.0,1.375,0.5,-0.0,-0.0,-0.0,2.0,-0.0,-0.0,6.25
-0.0,0.125,-0.0,2.125,0.75,3.75,-0.0,1.125,4.875,-0.0,-0.0,2.625,2.625,-0.0,-0.0,-0.0,-0.0,1.125,1.75,-0.0,2.875,0.875,0.75,-0.0,-0.0,-0.0,4.375,-0.0,-0.0,-0.0,-0.0,3.5,1.625,-0.0,-0.0,1.625,-0.0,5.125,1.625,-0.0,0.125,-0.0,-0.0,1.125,-0.0,0.25,-0.0,-0.0,0.125,-0.0,-0.0,-0.0,3.75,-0.0,-0.0,0.875,-0.0,-0.0,-0.0,0.5,2.125,-0.0,-0.0,3.375
-0.0,-0.0,-0.0,2.25,0.25,3.75,-0.0,1.125,5.0,-0.0,-0.0,2.5,3.0,-0.0,-0.0,-0.0,-0.0,1.0,1.625,-0.0,2.75,0.875,0.25,-0.0,-0.0,-0.0,4.25,-0.0,-0.0,-0.0,0.125,3.875,1.625,-0.0,-0.0,0.875,-0.0,5.0,1.5,-0.0,0.125,-0.0,-0.0,-0.0,-0.0,0.25,0.375,-0.0,-0.0,-0.0,-0.0,-0.0,4.0,-0.0,-0.0,1.0,0.125,-0.0,-0.0,0.125,1.625,-0.0,-0.0,2.375
-0.0,-0.0,-0.0,2.375,0.25,3.875,-0.0,1.0,4.375,-0.0,-0.0,2.375,3.125,-0.0,-0.0,-0.0,0.375,1.0,1.75,-0.0,2.5,0.625,-0.0,-0.0,-0.0,-0.0,3.75,-0.0,-0.0,-0.0,-0.0,4.0,1.75,-0.0,-0.0,0.625,-0.0,5.0,1.625,-0.0,0.25,-0.0,-0.0,-0.0,-0.0,0.125,0.375,-0.0,0.0,-0.0,-0.0,-0.0,4.125,-0.0,-0.0,0.875,-0.0,0.375,-0.0,0.375,1.375,-0.0,-0.0,1.75
0.125,-0.0,-0.0,2.25,0.25,3.75,-0.0,0.875,3.125,-0.0,-0.0,2.25,3.25,-0.0,-0.0,-0.0,0.875,1.0,1.75,-0.0,2.125,0.875,-0.0,-0.0,-0.0,-0.0,2.875,-0.0,-0.0,-0.0,0.375,4.0,1.875,-0.0,-0.0,0.375,-0.0,4.375,1.5,-0.0,0.125,-0.0,-0.0,-0.0,-0.0,0.5,1.125,-0.0,-0.0,-0.0,-0.0,-0.0,4.0,-0.0,-0.0,0.875,-0.0,0.375,-0.0,0.5,1.0,-0.0,-0.0,1.0
0.25,1.875,-0.0,1.625,0.875,3.0,-0.0,1.625,2.875,1.0,-0.0,1.75,3.75,1.125,-0.0,-0.0,0.625,1.625,2.125,-0.0,2.375,0.75,-0.0,-0.0,-0.0,-0.0,2.75,-0.0,-0.0,0.5,0.375,3.5,2.25,-0.0,0.125,-0.0,0.625,4.625,3.125,-0.0,2.25,-0.0,1.0,-0.0,-0.0,0.875,1.25,-0.0,1.125,-0.0,-0.0,-0.0,4.25,-0.0,-0.0,1.5,-0.0,1.125,-0.0,0.375,1.0,-0.0,-0.0,-0.0
1.25,-0.0,0.875,2.5,1.875,0.875,0.125,1.5,3.125,0.5,-0.0,2.375,2.5,2.375,0.375,-0.0,0.625,-0.0,0.25,1.25,1.5,-0.0,-0.0,-0.0,-0.0,-0.0,1.375,-0.0,0.625,0.5,0.75,3.375,1.375,0.375,1.375,3.75,2.5,4.25,3.125,-0.0,0.875,-0.0,1.0,3.25,1.375,0.75,0.25,0.375,0.5,-0.0,-0.0,-0.0,1.0,-0.0,1.875,1.375,0.125,1.25,-0.0,0.125,2.25,1.875,0.25,1.875
0.75,2.25,-0.0,2.375,-0.0,3.25,-0.0,2.0,2.0,0.375,2.0,1.0,2.875,2.375,1.375,0.375,1.875,1.625,3.125,2.875,3.25,1.25,0.125,-0.0,0.125,0.375,1.875,-0.0,-0.0,0.625,-0.0,2.875,1.75,1.875,-0.0,2.0,2.0,2.125,1.75,-0.0,1.875,-0.0,1.75,-0.0,-0.0,0.875,1.375,3.125,5.875,0.375,-0.0,-0.0,2.125,-0.0,-0.0,1.25,-0.0,1.25,-0.0,3.75,0.0,0.75,0.5,1.0
1.75,0.25,1.0,-0.0,0.375,0.0,0.25,1.0,-0.0,1.875,0.125,0.25,-0.0,0.125,1.125,0.625,1.0,0.625,0.625,1.0,-0.0,-0.0,-0.0,1.0,-0.0,-0.0,0.5,1.125,0.25,1.25,0.625,0.5,0.125,3.5,0.375,-0.0,-0.0,-0.0,-0.0,1.125,0.875,0.25,0.125,0.625,0.5,0.25,0.75,0.75,-0.0,1.0,0.125,-0.0,-0.0,1.0,1.25,0.5,0.0,1.0,0.375,0.5,0.375,1.125,0.25,-0.0
0.875,0.0,0.5,-0.0,0.125,-0.0,0.125,-0.0,-0.0,1.0,0.125,0.125,-0.0,-0.0,0.75,0.75,0.5,0.375,-0.0,0.125,-0.0,0.5,-0.0,0.625,-0.0,-0.0,0.25,0.5,-0.0,0.625,0.0,0.5,-0.0,2.125,-0.0,-0.0,0.0,-0.0,-0.0,0.75,0.375,0.5,0.25,-0.0,-0.0,0.25,0.75,0.625,-0.0,-0.0,-0.0,-0.0,-0.0,0.625,0.5,0.75,-0.0,0.875,0.375,0.5,-0.0,-0.0,0.125,-0.0
1.125,0.125,0.625,-0.0,0.125,-0.0,0.375,-0.0,-0.0,0.875,-0.0,-0.0,-0.0,0.0,0.125,0.875,0.75,0.5,0.625,0.125,-0.0,1.0,-0.0,0.375,-0.0,-0.0,0.375,0.25,-0.0,0.25,0.0,0.5,-0.0,2.0,-0.0,-0.0,0.125,-0.0,-0.0,0.875,0.25,0.25,0.375,-0.0,-0.0,0.25,0.625,1.25,0.125,-0.0,-0.0,0.125,-0.0,0.5,0.625,0.375,-0.0,0.875,-0.0,0.75,-0.0,0.25,0.125,-0.0
1.0,0.375,0.75,-0.0,0.25,-0.0,0.25,-0.0,-0.0,1.5,-0.0,-0.0,-0.0,-0.0,1.0,0.5,0.5,0.5,0.625,-0.0,-0.0,1.125,-0.0,0.5,-0.0,-0.0,0.0,0.125,0.5,0.25,0.125,1.25,0.125,1.75,-0.0,-0.0,-0.0,-0.0,-0.0,1.0,0.375,0.125,0.25,0.25,-0.0,-0.0,1.125,1.5,-0.0,-0.0,-0.0,-0.0,-0.0,1.0,0.375,0.625,-0.0,0.625,0.125,0.25,-0.0,-0.0,-0.0,-0.0
1.125,0.375,0.75,-0.0,0.25,-0.0,0.125,-0.0,-0.0,1.5,-0.0,-0.0,-0.0,-0.0,0.5,0.125,0.625,0.75,0.75,0.0,-0.0,1.625,-0.0,-0.0,-0.0,-0.0,0.375,-0.0,0.75,0.375,0.125,2.375,0.5,1.125,-0.0,-0.0,0.125,-0.0,-0.0,1.25,0.25,-0.0,0.25,0.5,-0.0,-0.0,1.125,1.125,-0.0,-0.0,-0.0,0.125,-0.0,0.75,-0.0,1.125,-0.0,0.875,0.125,-0.0,-0.0,0.125,-0.0,-0.0
1.0,0.375,0.75,-0.0,0.375,0.0,-0.0,-0.0,-0.0,1.625,-0.0,-0.0,-0.0,-0.0,0.125,0.375,0.75,0.75,1.0,-0.0,-0.0,1.5,-0.0,0.25,-0.0,-0.0,1.0,-0.0,0.5,0.125,0.0,2.75,0.75,0.75,-0.0,-0.0,-0.0,-0.0,-0.0,1.125,0.375,-0.0,0.375,-0.0,-0.0,-0.0,1.0,1.5,-0.0,-0.0,-0.0,-0.0,-0.0,0.75,-0.0,1.125,-0.0,1.125,0.125,-0.0,-0.0,-0.0,-0.0,-0.0
0.75,0.375,0.125,-0.0,0.0,0.0,-0.0,-0.0,-0.0,1.875,-0.0,-0.0,-0.0,0.875,0.625,0.25,0.875,0.875,1.0,0.125,-0.0,0.5,-0.0,0.875,-0.0,-0.0,0.875,-0.0,0.125,0.625,0.375,3.5,1.25,0.875,-0.0,-0.0,0.5,-0.0,0.375,1.0,1.125,-0.0,0.25,0.375,-0.0,-0.0,0.75,1.375,-0.0,-0.0,-0.0,-0.0,-0.0,0.625,-0.0,1.625,-0.0,1.5,0.125,-0.0,-0.0,0.25,-0.0,-0.0
1.375,0.125,0.875,-0.0,0.25,0.625,0.625,-0.0,-0.0,0.625,0.125,0.125,-0.0,0.125,0.5,0.875,0.75,0.375,1.0,1.0,-0.0,0.75,-0.0,-0.0,-0.0,-0.0,1.375,0.25,0.125,-0.0,0.375,3.5,0.75,1.25,0.25,0.875,0.25,-0.0,0.625,1.0,0.125,-0.0,0.5,0.125,-0.0,-0.0,-0.0,1.375,2.0,-0.0,-0.0,0.625,0.125,0.125,1.0,0.5,-0.0,0.75,-0.0,2.0,-0.0,0.25,-0.0,-0.0
1.0,1.0,0.625,-0.0,0.75,1.25,-0.0,-0.0,-0.0,1.5,0.0,-0.0,-0.0,0.125,0.375,0.25,1.375,0.75,2.25,-0.0,-0.0,1.25,-0.0,0.625,-0.0,-0.0,1.25,0.25,0.875,0.75,0.125,3.375,1.0,1.125,-0.0,-0.0,-0.0,-0.0,-0.0,0.875,0.375,-0.0,0.25,0.5,-0.0,-0.0,1.875,1.625,-0.0,-0.0,-0.0,0.375,-0.0,0.625,-0.0,0.625,-0.0,0.875,0.125,3.375,-0.0,0.125,-0.0,-0.0
1.0,0.375,0.625,0.25,0.0,-0.0,-0.0,0.25,-0.0,1.625,-0.0,-0.0,-0.0,0.125,-0.0,0.125,1.375,0.5,0.625,0.125,-0.0,1.125,-0.0,0.625,-0.0,-0.0,-0.0,-0.0,0.75,-0.0,0.375,1.75,1.0,1.125,0.125,-0.0,0.125,-0.0,-0.0,0.875,0.125,0.125,0.25,-0.0,-0.0,-0.0,1.875,1.375,-0.0,-0.0,-0.0,0.125,-0.0,0.375,0.125,0.375,-0.0,0.75,0.25,0.0,-0.0,0.125,-0.0,-0.0
0.875,0.25,0.75,0.5,-0.0,-0.0,-0.0,0.5,-0.0,1.875,-0.0,-0.0,-0.0,0.125,-0.0,0.375,1.125,0.375,0.5,-0.0,-0.0,1.25,-0.0,0.5,-0.0,-0.0,-0.0,-0.0,1.0,0.5,0.25,0.75,0.75,1.375,-0.0,-0.0,0.25,-0.0,-0.0,0.875,0.125,0.125,0.375,0.25,-0.0,-0.0,1.875,1.0,-0.0,-0.0,-0.0,0.25,-0.0,0.375,0.375,0.25,-0.0,0.5,0.125,0.125,0.25,0.25,-0.0,-0.0
0.875,0.5,0.625,0.625,-0.0,-0.0,0.0,0.75,-0.0,2.125,-0.0,-0.0,-0.0,0.125,-0.0,0.5,1.125,0.375,0.25,0.25,-0.0,1.0,-0.0,2.0,-0.0,-0.0,-0.0,-0.0,1.0,-0.0,0.0,0.0,0.75,1.5,0.25,-0.0,0.125,-0.0,-0.0,0.75,0.125,0.125,0.25,0.25,0.125,-0.0,1.625,1.25,-0.0,-0.0,-0.0,-0.0,-0.0,0.25,0.5,0.125,-0.0,0.625,0.375,0.0,0.25,0.125,-0.0,0.125
0.75,0.5,0.25,0.75,-0.0,-0.0,-0.0,0.75,-0.0,2.0,-0.0,0.125,-0.0,0.0,0.375,0.5,1.0,0.375,0.0,0.25,-0.0,0.875,-0.0,2.125,-0.0,-0.0,-0.0,-0.0,0.875,0.125,0.125,-0.0,0.625,1.625,0.25,0.125,0.25,-0.0,-0.0,0.75,0.0,-0.0,0.25,0.125,0.375,-0.0,1.5,1.875,-0.0,-0.0,-0.0,-0.0,-0.0,0.375,0.75,0.375,-0.0,0.625,0.25,-0.0,0.25,0.25,0.125,0.375
0.75,0.375,0.125,0.625,-0.0,-0.0,0.0,0.75,-0.0,2.0,-0.0,0.125,-0.0,-0.0,-0.0,0.25,0.5,0.25,-0.0,0.25,-0.0,0.75,-0.0,1.625,-0.0,-0.0,-0.0,-0.0,0.625,0.25,0.125,-0.0,0.375,1.75,0.25,-0.0,0.125,-0.0,-0.0,0.625,0.125,0.125,0.375,0.25,0.25,-0.0,1.25,1.375,0.25,-0.0,-0.0,-0.0,-0.0,0.375,0.875,0.125,-0.0,0.25,-0.0,-0.0,0.25,0.25,0.125,0.25
0.75,0.25,1.125,0.625,-0.0,0.25,0.375,0.75,-0.0,1.375,0.125,-0.0,-0.0,0.25,0.875,1.0,0.5,0.0,-0.0,0.375,-0.0,0.25,-0.0,1.25,-0.0,-0.0,-0.0,-0.0,0.75,0.625,0.125,-0.0,0.375,1.875,0.25,0.125,0.375,0.125,-0.0,0.75,0.25,0.125,0.25,0.125,0.25,-0.0,1.0,1.0,0.125,0.25,-0.0,-0.0,-0.0,0.125,0.75,0.625,-0.0,0.875,-0.0,1.25,0.25,0.25,0.25,0.25
1.25,0.5,0.75,0.375,0.5,0.5,-0.0,1.75,-0.0,0.875,0.875,-0.0,-0.0,0.75,0.875,0.125,0.625,0.375,-0.0,0.875,-0.0,-0.0,0.5,0.875,0.5,1.75,0.125,-0.0,0.875,0.125,-0.0,0.125,1.25,2.625,0.375,0.625,0.375,0.0,-0.0,0.625,0.75,-0.0,1.125,0.5,0.5,-0.0,0.25,2.0,0.5,0.75,-0.0,0.5,-0.0,0.375,0.75,-0.0,-0.0,0.25,0.125,-0.0,0.375,0.125,0.75,0.5
1.125,0.125,1.0,0.5,0.5,0.625,-0.0,1.5,1.25,0.875,0.125,0.625,-0.0,0.125,0.375,0.5,0.375,0.125,-0.0,0.75,1.0,-0.0,0.125,1.875,-0.0,-0.0,-0.0,-0.0,1.0,0.5,0.625,0.125,-0.0,3.25,0.5,0.5,-0.0,0.5,0.125,1.25,0.375,0.25,0.25,0.625,0.625,-0.0,-0.0,1.375,-0.0,0.625,0.625,-0.0,-0.0,0.125,1.125,0.125,-0.0,-0.0,0.375,-0.0,0.5,0.5,0.5,0.75
0.5,0.0,0.375,0.75,0.0,0.5,-0.0,0.875,0.625,0.75,0.125,0.625,-0.0,-0.0,0.125,0.75,-0.0,-0.0,-0.0,0.125,-0.0,-0.0,0.375,1.25,-0.0,-0.0,-0.0,-0.0,0.75,0.375,-0.0,-0.0,-0.0,2.25,0.125,0.375,-0.0,0.5,-0.0,0.75,0.125,0.375,0.25,0.125,0.375,-0.0,-0.0,0.75,0.25,0.25,-0.0,-0.0,-0.0,0.25,0.75,-0.0,-0.0,0.125,0.25,-0.0,0.375,0.25,0.25,0.625
0.5,-0.0,0.0,0.5,-0.0,0.375,-0.0,0.875,0.25,0.625,0.125,0.5,-0.0,-0.0,0.125,0.375,-0.0,-0.0,-0.0,0.125,-0.0,-0.0,0.125,1.25,-0.0,-0.0,-0.0,-0.0,0.625,0.25,-0.0,0.25,-0.0,2.125,0.25,0.25,0.0,0.25,-0.0,0.625,0.125,0.25,0.375,0.125,0.5,-0.0,-0.0,0.75,0.5,0.125,-0.0,-0.0,-0.0,0.25,0.875,-0.0,-0.0,0.125,0.25,-0.0,0.375,0.25,0.25,0.5
0.5,0.125,-0.0,0.375,-0.0,0.375,-0.0,0.875,0.375,0.875,0.125,0.75,-0.0,0.0,0.25,0.5,-0.0,0.125,-0.0,0.25,-0.0,-0.0,0.125,1.625,-0.0,-0.0,0.125,-0.0,0.375,0.25,-0.0,0.25,-0.0,2.25,0.375,0.125,0.125,0.25,-0.0,0.5,0.125,0.125,0.25,0.125,0.375,-0.0,-0.0,0.125,0.375,0.25,-0.0,-0.0,-0.0,0.125,1.0,0.125,-0.0,0.25,0.125,0.25,0.375,0.375,0.25,0.5
0.5,0.125,-0.0,0.5,-0.0,0.375,0.25,0.875,0.625,0.875,0.125,0.75,-0.0,0.125,-0.0,0.5,0.0,-0.0,-0.0,0.125,-0.0,-0.0,0.25,1.625,-0.0,-0.0,0.125,-0.0,0.5,0.5,0.0,0.25,-0.0,2.125,0.375,0.25,-0.0,0.25,-0.0,0.625,0.375,0.25,0.5,0.375,0.25,-0.0,-0.0,0.75,0.125,0.25,-0.0,-0.0,-0.0,-0.0,1.125,0.125,-0.0,0.375,0.0,0.125,0.375,0.375,0.375,0.375
0.625,-0.0,-0.0,0.5,0.0,0.5,-0.0,0.875,0.375,0.75,0.125,0.25,-0.0,0.0,0.0,0.375,-0.0,-0.0,-0.0,0.25,-0.0,-0.0,0.25,1.375,-0.0,-0.0,0.25,-0.0,0.75,0.375,-0.0,0.25,-0.0,2.0,0.25,0.25,-0.0,0.375,-0.0,0.625,0.125,0.0,0.25,0.125,0.5,-0.0,0.25,0.75,0.25,0.25,-0.0,0.125,-0.0,0.125,0.875,-0.0,-0.0,0.25,0.125,-0.0,0.375,0.25,0.25,0.5
0.625,0.0,-0.0,0.5,-0.0,0.375,-0.0,0.875,0.5,0.75,0.0,0.375,-0.0,-0.0,0.25,0.375,-0.0,-0.0,-0.0,-0.0,-0.0,-0.0,0.25,1.375,-0.0,-0.0,0.125,-0.0,0.625,0.25,0.125,0.25,-0.0,2.125,0.375,0.125,0.0,0.375,0.125,0.375,0.125,0.0,0.25,0.125,0.375,-0.0,0.5,0.25,0.25,0.25,-0.0,-0.0,-0.0,0.125,1.0,0.125,0.0,0.125,0.125,-0.0,0.5,0.25,0.25,0.5
0.5,0.0,-0.0,0.5,-0.0,0.375,0.375,1.0,0.625,0.625,0.0,0.25,-0.0,-0.0,0.125,0.25,-0.0,-0.0,-0.0,0.125,-0.0,-0.0,0.125,1.125,-0.0,-0.0,0.125,-0.0,0.375,0.25,0.125,0.375,0.125,2.0,0.5,0.125,0.0,0.125,-0.0,0.375,0.125,0.125,0.25,0.25,0.375,-0.0,0.375,0.5,0.25,0.25,-0.0,-0.0,-0.0,0.0,1.0,0.125,0.125,0.25,0.125,0.25,0.5,0.25,0.375,0.5
0.5,0.0,0.25,0.375,0.125,0.5,0.25,0.875,0.375,1.0,0.125,0.5,-0.0,-0.0,-0.0,0.25,-0.0,-0.0,-0.0,0.125,-0.0,-0.0,0.125,1.875,-0.0,-0.0,0.125,-0.0,0.5,0.25,0.125,0.375,-0.0,2.0,0.375,0.375,0.0,0.25,-0.0,0.5,0.125,0.125,0.375,0.25,0.375,-0.0,0.25,0.375,0.375,0.375,-0.0,-0.0,-0.0,0.0,0.875,-0.0,0.0,0.25,0.0,-0.0,0.25,0.25,0.375,0.375
0.625,0.0,-0.0,0.375,-0.0,0.375,0.125,0.875,0.0,1.125,0.125,0.375,-0.0,0.0,0.0,0.125,-0.0,-0.0,-0.0,0.375,-0.0,-0.0,-0.0,1.875,-0.0,-0.0,0.125,-0.0,0.5,0.625,0.125,0.375,-0.0,2.125,0.5,0.25,0.125,0.125,-0.0,0.625,0.125,0.125,0.375,0.25,0.375,-0.0,-0.0,0.375,0.5,0.25,-0.0,-0.0,-0.0,0.0,1.0,-0.0,0.125,0.25,-0.0,-0.0,0.375,0.375,0.25,0.25
0.75,0.0,0.5,0.25,-0.0,0.5,-0.0,0.875,-0.0,1.125,0.125,0.5,-0.0,0.0,0.25,0.125,-0.0,-0.0,-0.0,0.125,-0.0,-0.0,-0.0,2.0,-0.0,-0.0,-0.0,-0.0,0.5,0.25,-0.0,0.375,0.125,2.125,0.375,0.125,0.0,0.0,0.0,0.625,0.25,0.0,0.25,0.125,0.5,-0.0,-0.0,0.125,0.25,0.375,-0.0,0.25,-0.0,-0.0,0.875,-0.0,-0.0,0.25,-0.0,-0.0,0.25,0.25,0.375,0.25
0.625,0.0,0.125,0.25,-0.0,0.5,-0.0,0.875,-0.0,0.375,0.125,0.25,-0.0,-0.0,-0.0,0.0,-0.0,0.125,-0.0,0.125,-0.0,-0.0,-0.0,1.125,-0.0,-0.0,-0.0,-0.0,0.5,0.25,-0.0,0.5,0.125,2.125,0.25,0.25,-0.0,0.125,-0.0,0.625,0.25,0.0,0.25,0.125,0.5,-0.0,-0.0,0.0,0.375,0.25,-0.0,-0.0,-0.0,0.125,0.875,0.125,0.125,0.25,-0.0,0.0,0.25,0.25,0.375,0.25
0.75,-0.0,-0.0,0.125,-0.0,0.5,-0.0,0.875,-0.0,0.375,0.125,0.375,-0.0,-0.0,-0.0,-0.0,-0.0,0.125,-0.0,0.125,-0.0,-0.0,-0.0,1.125,-0.0,-0.0,-0.0,-0.0,0.375,0.25,-0.0,0.5,0.125,2.0,0.25,0.125,0.125,0.125,-0.0,0.5,0.125,-0.0,0.25,0.25,0.5,-0.0,-0.0,-0.0,0.375,0.25,-0.0,-0.0,-0.0,-0.0,0.875,0.0,0.0,0.125,-0.0,0.375,0.25,0.25,0.25,0.125
0.75,-0.0,0.125,0.125,-0.0,0.5,-0.0,0.875,-0.0,0.5,0.0,0.375,-0.0,-0.0,-0.0,0.0,-0.0,-0.0,-0.0,0.125,-0.0,-0.0,-0.0,1.125,-0.0,-0.0,0.0,-0.0,0.375,0.375,0.0,0.375,0.125,2.0,0.375,0.25,0.0,0.0,-0.0,0.5,-0.0,0.0,0.375,0.125,0.5,-0.0,-0.0,0.125,0.25,0.125,-0.0,-0.0,-0.0,0.0,1.0,0.0,0.0,0.125,-0.0,0.125,0.375,0.375,0.25,0.125
0.625,0.0,0.0,0.25,-0.0,0.625,-0.0,0.875,-0.0,0.625,0.0,0.25,-0.0,-0.0,-0.0,0.125,-0.0,0.0,-0.0,0.0,-0.0,-0.0,-0.0,1.125,-0.0,-0.0,0.0,-0.0,0.375,0.375,-0.0,0.5,0.125,2.0,0.25,0.125,0.0,0.0,-0.0,0.5,0.125,0.0,0.375,0.125,0.5,-0.0,-0.0,0.25,0.375,0.375,-0.0,-0.0,-0.0,-0.0,1.0,0.125,-0.0,0.25,-0.0,0.0,0.25,0.25,0.375,0.0
1.125,0.5,0.25,0.25,0.5,0.75,-0.0,1.75,-0.0,0.25,1.375,0.375,-0.0,0.875,0.25,0.25,0.125,0.25,-0.0,0.25,-0.0,-0.0,0.5,1.375,0.25,1.875,0.25,-0.0,0.75,-0.0,-0.0,0.5,1.5,2.625,0.5,0.5,0.75,-0.0,-0.0,0.625,1.125,-0.0,1.375,-0.0,0.375,-0.0,-0.0,0.5,0.5,0.625,-0.0,0.125,0.125,-0.0,0.625,-0.0,-0.0,0.25,-0.0,0.375,0.375,0.125,0.875,0.125
1.125,0.25,0.625,0.625,0.75,1.125,1.0,2.375,1.0,0.75,0.125,-0.0,-0.0,0.375,-0.0,0.625,0.125,0.625,0.125,-0.0,1.125,-0.0,-0.0,1.875,2.375,0.375,0.25,0.5,0.875,0.5,-0.0,0.875,1.125,3.625,0.375,0.25,-0.0,0.5,0.25,1.0,0.375,0.125,0.25,0.375,0.25,-0.0,-0.0,0.125,0.25,0.375,1.625,-0.0,0.125,-0.0,1.375,0.125,0.125,0.5,-0.0,0.0,-0.0,0.5,0.75,0.25
0.75,-0.0,0.0,1.125,0.125,0.5,-0.0,2.125,0.75,0.75,0.125,0.125,-0.0,0.0,-0.0,0.75,-0.0,0.875,-0.0,0.375,1.25,-0.0,0.125,1.625,1.75,-0.0,-0.0,-0.0,0.75,0.125,-0.0,1.0,1.375,2.875,0.125,0.125,0.0,0.625,0.25,1.125,-0.0,-0.0,0.375,0.125,0.375,-0.0,-0.0,0.625,0.375,0.125,0.875,-0.0,0.0,-0.0,1.125,0.125,-0.0,0.125,-0.0,0.375,-0.0,0.375,0.375,0.375
0.625,-0.0,-0.0,1.125,-0.0,0.375,-0.0,2.125,0.75,0.25,0.0,-0.0,-0.0,0.0,-0.0,0.75,-0.0,0.875,-0.0,0.125,1.375,-0.0,0.25,1.0,1.75,-0.0,0.125,-0.0,1.0,0.125,-0.0,0.75,1.375,2.75,0.125,0.25,0.0,0.625,0.125,1.0,0.0,-0.0,0.375,0.25,0.375,-0.0,-0.0,0.25,0.375,0.125,0.875,-0.0,-0.0,-0.0,1.0,0.125,0.0,0.25,-0.0,-0.0,-0.0,0.5,0.375,0.375
0.75,-0.0,-0.0,1.25,-0.0,0.375,-0.0,2.25,0.875,0.125,0.0,-0.0,-0.0,0.0,0.0,0.875,0.0,0.75,-0.0,0.25,1.5,-0.0,0.375,1.0,1.875,-0.0,-0.0,-0.0,1.125,0.125,-0.0,0.625,1.375,2.75,0.125,0.125,0.0,0.75,0.25,1.25,-0.0,-0.0,0.25,0.25,0.5,-0.0,-0.0,0.625,0.375,0.125,1.0,0.125,-0.0,-0.0,1.0,0.125,0.0,0.125,-0.0,-0.0,-0.0,0.375,0.375,0.5
0.75,-0.0,-0.0,1.125,-0.0,0.5,-0.0,2.125,0.625,0.375,0.125,-0.0,-0.0,-0.0,-0.0,0.625,-0.0,0.875,-0.0,0.25,1.375,-0.0,0.25,1.375,1.875,-0.0,-0.0,0.125,1.0,0.25,-0.0,0.625,1.375,2.75,0.125,0.5,-0.0,0.625,0.125,1.125,-0.0,-0.0,0.25,0.125,0.375,-0.0,-0.0,0.25,0.5,0.125,1.0,-0.0,-0.0,0.0,1.0,0.125,0.0,0.125,-0.0,-0.0,-0.0,0.25,0.375,0.625
0.625,-0.0,-0.0,1.125,-0.0,0.5,0.125,2.25,0.875,0.5,0.125,0.0,-0.0,0.125,-0.0,0.875,-0.0,0.875,-0.0,0.25,1.5,-0.0,0.25,1.75,1.5,-0.0,0.125,-0.0,0.875,0.125,-0.0,0.75,1.5,2.625,0.125,0.125,0.0,0.625,0.25,1.25,-0.0,-0.0,0.25,0.25,0.375,-0.0,-0.0,0.25,0.375,0.125,0.875,-0.0,-0.0,-0.0,1.0,0.125,0.125,0.125,-0.0,0.0,-0.0,0.375,0.375,0.25
0.625,-0.0,-0.0,1.25,-0.0,0.375,0.25,2.25,0.875,0.375,-0.0,-0.0,-0.0,0.0,-0.0,0.875,-0.0,0.875,-0.0,0.25,1.625,-0.0,0.125,1.5,1.5,-0.0,0.125,-0.0,1.0,0.125,-0.0,0.75,1.375,2.625,0.125,-0.0,0.0,0.625,0.125,1.125,-0.0,-0.0,0.375,0.25,0.25,-0.0,-0.0,0.5,0.375,0.125,0.75,-0.0,-0.0,-0.0,1.0,0.125,0.125,0.125,-0.0,-0.0,-0.0,0.375,0.25,0.375
0.5,-0.0,0.0,1.25,-0.0,0.5,-0.0,2.25,0.625,0.25,0.0,-0.0,-0.0,0.125,-0.0,0.75,-0.0,0.875,-0.0,0.125,1.625,-0.0,0.125,1.125,1.75,-0.0,0.125,-0.0,1.125,0.125,-0.0,0.5,1.5,2.625,0.25,0.25,0.0,0.625,0.25,1.125,0.0,-0.0,0.25,0.375,0.375,-0.0,-0.0,0.375,0.375,0.125,0.75,-0.0,-0.0,-0.0,1.0,0.0,0.125,0.125,-0.0,-0.0,-0.0,0.375,0.25,0.625
0.5,-0.0,0.0,1.25,-0.0,0.5,0.0,2.25,0.875,0.125,0.0,-0.0,-0.0,-0.0,-0.0,0.875,-0.0,0.875,-0.0,0.125,1.75,-0.0,0.25,1.0,1.75,-0.0,0.125,-0.0,1.125,0.0,-0.0,0.5,1.5,2.5,0.25,0.125,0.0,0.75,0.25,1.25,-0.0,-0.0,0.25,0.375,0.25,-0.0,-0.0,0.25,0.25,0.125,0.875,0.0,-0.0,-0.0,1.0,0.0,0.125,0.125,-0.0,0.125,-0.0,0.375,0.25,0.375
0.625,-0.0,-0.0,1.375,-0.0,0.5,0.125,2.25,0.875,0.125,0.125,-0.0,-0.0,0.0,-0.0,1.0,-0.0,0.875,0.125,0.375,1.75,-0.0,0.25,1.25,1.75,-0.0,0.125,-0.0,1.0,0.25,-0.0,0.5,1.5,2.5,0.125,0.375,-0.0,0.625,0.25,1.25,-0.0,-0.0,0.25,0.25,0.375,-0.0,-0.0,0.875,0.5,0.125,0.875,-0.0,-0.0,-0.0,0.875,0.125,0.25,-0.0,-0.0,-0.0,-0.0,0.375,0.25,0.75
0.625,-0.0,-0.0,1.125,0.125,0.625,-0.0,2.25,0.75,0.5,0.0,0.0,-0.0,-0.0,-0.0,0.75,-0.0,0.875,-0.0,0.25,1.625,-0.0,0.125,1.875,1.625,-0.0,0.125,-0.0,1.0,-0.0,-0.0,0.375,1.5,2.5,0.125,0.125,0.0,0.625,0.25,1.125,-0.0,-0.0,0.25,0.25,0.25,-0.0,-0.0,0.25,0.25,0.125,0.75,-0.0,-0.0,-0.0,0.875,0.0,0.125,-0.0,-0.0,-0.0,-0.0,0.25,0.25,0.5
0.625,-0.0,-0.0,1.25,-0.0,0.5,-0.0,2.25,0.625,0.25,0.0,-0.0,-0.0,0.0,-0.0,0.875,-0.0,0.875,-0.0,0.25,1.75,-0.0,0.125,1.25,1.625,-0.0,0.125,-0.0,1.0,0.125,-0.0,0.375,1.5,2.5,0.25,0.0,0.0,0.625,0.25,0.875,-0.0,-0.0,0.25,0.375,0.375,-0.0,-0.0,0.375,0.25,0.0,0.875,-0.0,-0.0,-0.0,1.0,-0.0,0.25,-0.0,-0.0,-0.0,-0.0,0.5,0.25,0.5
0.5,-0.0,-0.0,1.25,0.125,0.5,-0.0,2.25,0.625,0.375,0.0,-0.0,-0.0,0.0,-0.0,0.75,-0.0,1.0,-0.0,0.125,1.75,-0.0,-0.0,1.5,1.625,-0.0,0.25,-0.0,1.125,-0.0,-0.0,0.25,1.5,2.5,0.125,0.125,0.0,0.625,0.25,1.0,0.0,-0.0,0.375,0.25,0.25,-0.0,-0.0,0.25,0.375,0.125,0.875,-0.0,-0.0,-0.0,1.0,0.0,0.125,0.125,-0.0,-0.0,-0.0,0.375,0.25,0.625
0.5,-0.0,-0.0,1.25,0.125,0.375,-0.0,2.25,0.875,0.375,0.125,-0.0,-0.0,0.0,-0.0,0.875,-0.0,0.875,-0.0,0.25,1.875,-0.0,0.125,1.375,1.25,-0.0,0.25,-0.0,1.125,0.125,-0.0,0.25,1.5,2.5,0.25,0.125,0.0,0.75,0.375,1.125,-0.0,-0.0,0.375,0.25,0.25,-0.0,-0.0,0.375,0.375,-0.0,1.0,-0.0,0.125,-0.0,1.0,0.0,0.25,-0.0,-0.0,-0.0,-0.0,0.375,0.25,0.5
0.375,-0.0,-0.0,1.375,0.125,0.5,-0.0,2.25,0.875,0.375,0.125,-0.0,-0.0,0.0,-0.0,0.875,-0.0,0.875,-0.0,0.25,1.875,-0.0,0.125,1.375,1.5,-0.0,0.25,-0.0,1.125,-0.0,-0.0,0.25,1.5,2.375,0.125,0.25,0.0,0.75,0.25,1.0,-0.0,-0.0,0.375,0.375,0.25,-0.0,-0.0,0.5,0.375,0.0,0.875,-0.0,-0.0,-0.0,1.0,-0.0,0.125,-0.0,-0.0,-0.0,-0.0,0.25,0.25,0.625
0.875,0.375,-0.0,1.0,0.375,0.75,-0.0,2.75,0.625,-0.0,1.375,-0.0,-0.0,1.125,0.5,0.875,0.375,1.25,0.5,0.625,1.75,-0.0,0.5,1.25,1.875,2.125,0.625,-0.0,1.125,0.0,0.25,0.5,2.125,3.0,0.375,0.75,0.875,0.625,0.375,1.0,1.0,-0.0,1.125,0.125,0.5,-0.0,0.5,0.625,0.875,0.375,1.0,0.125,0.375,0.125,0.5,0.125,0.25,-0.0,-0.0,0.0,0.125,0.75,0.75,0.75
